URL,,Type,Cluster,Target Service,Buyer Stage,Primary Intent,Primary CTA,Related Case Study,Internal Links Added,Status,Published Date,Last Updated,Next Action,Notes
https://webreadynow.com/,Homepage,Core Page,Brand / Main Entry,All Services,Awareness / Service-aware,Introduce WebReadyNow as a Miami-based WooCommerce technical agency.,Store Audit / Consultation,Samurai Fireworks; WooCommerce Payment Diagnostics,Store Audit; Services; Case Studies; Insights; Contact,Monitoring,,2026-06-15,Monitor homepage engagement and CTA clicks.,Main brand entry point.
https://webreadynow.com/insights/,Insights,Archive Page,Content Hub,All Services,Awareness / Problem-aware,Help visitors browse WooCommerce technical articles and insights.,Store Audit,N/A,Service pages; Store Audit; related Insights,Monitoring,,2026-06-15,Monitor article discovery and internal links.,Main content archive.
https://webreadynow.com/services/,Services,Archive Page,Service Hub,All Services,Service-aware,Help visitors compare WebReadyNow WooCommerce services.,Store Audit / Consultation,N/A,All service pages; Store Audit; Contact,Monitoring,,2026-06-15,Confirm all service cards track service_card_click.,Main services archive.
https://webreadynow.com/about/,About,Trust Page,Brand Trust,All Services,Trust / Validation,Explain who WebReadyNow is and why the agency is credible.,Consultation,N/A,Services; Store Audit; Contact; Case Studies,Monitoring,,2026-06-15,Review local/business trust messaging.,Trust-supporting page.
https://webreadynow.com/contact/,Contact,Conversion Page,Contact / Lead Capture,All Services,Decision-stage,Let potential clients contact WebReadyNow.,Contact Form,N/A,Store Audit; Services; Newsletter,Monitoring,,2026-06-15,Confirm form tracking and email/SMS notifications.,Important lead capture page.
https://webreadynow.com/services/woocommerce-store-development/,WooCommerce Store Development & Launch,Service Page,WooCommerce Store Development,WooCommerce Store Development,Solution-aware / Service-aware,"Convert product business owners and store owners who need a new WooCommerce store, rebuild, migration, or cleaner ecommerce foundation into Store Audit or consultation leads.",Request a Store Audit / Plan Your WooCommerce Store,Samurai Fireworks; Our Tiny Garden,Store Audit; rebuild-vs-optimization Insights; audit-first article; related service links,Done,,2026-06-15,Monitor GA4/GSC and CTA activity in 2–4 weeks,"Service Detail and FAQ added. Page now explains that a WooCommerce build needs product structure, checkout, performance, operations, integrations, analytics, and future growth planning — not only visual design."
https://webreadynow.com/services/performance-checkout-rescue/,WooCommerce Performance & Checkout Rescue,Service Page,Performance & Checkout Rescue,Performance & Checkout Rescue,Problem-aware / Solution-aware,"Convert store owners with slow store, checkout failure, payment gateway, order-status, cart, caching, or hard-to-reproduce WooCommerce issues into audit/service leads.",Request a Store Audit,WooCommerce Payment Diagnostics; Samurai Fireworks,Checkout article; payment/order-status articles; Store Audit; related checkout Insights,Done,,2026-06-13,Monitor GA4/GSC and CTA activity in 2–4 weeks,Service Detail section added and new checkout article connected as a Related Insight. Page now has stronger checkout/payment diagnosis content and FAQ coverage.
https://webreadynow.com/services/custom-plugins-features/,Custom Plugins & Store Features,Service Page,Custom Plugins & Store Features,Custom Plugins & Store Features,Solution-aware / Service-aware,Understand when custom WooCommerce plugin development is needed instead of another extension or workaround.,Explore Custom WooCommerce Features,WR Price List Manager for WooCommerce; WooCommerce Payment Diagnostics,Custom plugin Insight; WR Price List Manager case study; Store Audit; related service links,Done,,2026-06-13,"Monitor related_work_click, related_insight_click, service CTA clicks, and GSC impressions/clicks in 2–4 weeks",Service page includes WR Price List Manager product case study and related custom plugin Insights. Strong proof path is active.
https://webreadynow.com/services/ecommerce-automation/,E-commerce Automation Workflows,Service Page,Ecommerce Automation,E-commerce Automation Workflows,Problem-aware / Solution-aware,"Convert WooCommerce store owners with repetitive manual tasks, order workflow problems, reporting gaps, fulfillment review needs, or operational inefficiencies into audit/consultation leads.",Request a Store Audit,Our Tiny Garden; Replacing a Failing ShipStation Sync for a High-Volume Beauty Brand,Automation article; WooCommerce Integrations; Store Audit; Care & Optimization Plans,Done,,2026-06-15,Monitor GA4/GSC and CTA activity in 2–4 weeks,"Service Detail and FAQ added. Page now explains that automation should reduce repetitive work while surfacing exceptions, failed payments, fulfillment issues, inventory problems, reporting gaps, and customer-service risks that still need review."
https://webreadynow.com/services/woocommerce-integrations/,WooCommerce Integrations & System Sync,Service Page,WooCommerce Integrations,WooCommerce Integrations & System Sync,Problem-aware / Solution-aware,"Convert store owners who need WooCommerce connected to ERP, inventory, accounting, shipping, fulfillment, CRM, WMS, or private APIs into audit/consultation leads.",Request a Store Audit,Replacing a Failing ShipStation Sync for a High-Volume Beauty Brand; Our Tiny Garden,ERP/source-of-truth Insight; inventory sync articles; Store Audit; related integration service links,Done,,2026-06-13,Monitor GA4/GSC and CTA activity in 2–4 weeks,"Service Detail section added: Before Connecting WooCommerce to Another System, Decide What Each Platform Owns. New inventory sync article connected as a Related Insight."
https://webreadynow.com/store-audit/,WooCommerce Store Audit & Growth Roadmap,Service Page / Conversion Page,Store Audit,Store Audit,Problem-aware / Solution-aware,Convert WooCommerce store owners and future store owners who are unsure what to fix first into audit requests with a clear diagnostic roadmap.,Request a Store Audit,WooCommerce Payment Diagnostics; Samurai Fireworks; WR Price List Manager,Product/service cluster links: Performance & Checkout Rescue; Custom Plugins & Store Features; Integrations & System Sync; Store Development & Launch; Automation & Operations,Done,,2026-06-13,Monitor GA4/GSC and audit CTA activity in 2–4 weeks,"Main diagnostic conversion page updated. Hero headline improved, Why start with an audit section added, payment/order-status option added to form, and after-audit service paths confirmed."
https://webreadynow.com/care-optimization-plans/,Care & Optimization Plans,Landing Page,Care & Optimization,Care & Optimization Plans,Service-aware / Retention,"Find ongoing WooCommerce maintenance, monitoring, updates, troubleshooting, and optimization support.",Consultation / Plan Inquiry,Samurai Fireworks,Store Audit; Performance & Checkout Rescue; Store Development; Contact,Done,,2026-06-15,"Monitor plan inquiry clicks, CTA clicks, and service-page engagement.",FAQ typo fixed. Page should be monitored as an ongoing service/retention offer.
https://webreadynow.com/woocommerce-developer-miami/,Miami WooCommerce Developer,Landing Page,Local SEO / WooCommerce Developer Miami,WooCommerce Store Development,Local / Service-aware,"Attract Miami and South Florida businesses looking for WooCommerce development, store fixes, integrations, audits, automation, checkout rescue, custom plugins, and ecommerce support.",Request a Store Audit,Samurai Fireworks; WooCommerce Payment Diagnostics; Our Tiny Garden; WooCommerce Price List Manager,Store Audit; WooCommerce Store Development; Custom Plugins; Integrations; Performance & Checkout Rescue; E-commerce Automation; Care Plans,Done,,2026-06-15,"Monitor GSC local queries, GA4 engagement, Store Audit CTA clicks, and local-service page activity in 2–4 weeks.","Local authority upgrade completed. Page now speaks more clearly to Miami/South Florida product businesses, distributors, wholesalers, specialty retailers, B2B/B2C ecommerce operations, and businesses with checkout, inventory, fulfillment, integration, automation, or WooCommerce rebuild needs."
https://webreadynow.com/case-studies/woocommerce-payment-diagnostics/,WooCommerce Payment Diagnostics,Case Study,Custom Plugins & Store Features / Performance & Checkout Rescue,Custom Plugins & Store Features,Proof / Decision-stage,Show how custom diagnostics can help identify WooCommerce payment/order issues.,Store Audit,WooCommerce Payment Diagnostics,Custom Plugins article; Checkout Rescue page; Store Audit; payment/order-status Insights,Monitoring,,2026-06-15,"Link from Custom Plugins article, Checkout Rescue page, and Store Audit page.","Important proof asset for custom plugin, checkout, and Authorize.Net/payment issue work."
https://webreadynow.com/case-studies/replacing-a-failing-shipstation-for-a-high-volume-beauty-brand/,Replacing a Failing ShipStation Sync for a High-Volume Beauty Brand,Case Study,WooCommerce Integrations,WooCommerce Integrations & System Sync,Proof / Decision-stage,Show how WebReadyNow replaced an unreliable inventory sync workflow with a controlled WooCommerce/ShipStation process.,Consultation / Store Audit,Replacing a Failing ShipStation Sync for a High-Volume Beauty Brand,Inventory sync articles; WooCommerce Integrations; Ecommerce Automation; Store Audit,Monitoring,,2026-06-15,"Link from inventory sync, source-of-truth, ERP, and integrations content.","Strong proof for inventory, operations, ShipStation, and system sync work."
https://webreadynow.com/case-studies/our-tiny-garden/,Our Tiny Garden,Case Study,WooCommerce Store Development / Ecommerce Automation,WooCommerce Store Development,Proof / Decision-stage,Show custom WooCommerce storefront and supplier inventory/pricing sync work.,Consultation / Store Audit,Our Tiny Garden,Store Development; Automation; Integrations; Store Audit,Monitoring,,2026-06-15,"Link from store development, automation, and integrations pages.",Good proof asset for custom build plus operational automation.
https://webreadynow.com/case-studies/samurai-fireworks/,Samurai Fireworks,Case Study,WooCommerce Store Development / Performance & Checkout Rescue,WooCommerce Store Development,Proof / Decision-stage,"Show a faster, more conversion-focused WooCommerce rebuild with better product/category experience.",Store Audit / Consultation,Samurai Fireworks,Performance; Store Development; Care Plans; slow store articles; Store Audit,Monitoring,,2026-06-15,"Link from performance, store development, care plans, and slow store articles.","Strong proof for rebuild, performance, UX, checkout, and mobile ecommerce improvements."
https://webreadynow.com/case-studies/woocommerce-price-list-manager-plugin/,"Building a WooCommerce Price List Manager for B2B, VIP, and Customer Group Pricing",Case Study,Custom Plugins & Store Features,Custom Plugins & Store Features,Solution-aware / Trust,Prove WebReadyNow can build custom WooCommerce pricing and admin workflow tools for real ecommerce operations.,Explore Custom WooCommerce Features,WR Price List Manager for WooCommerce,Custom Plugins service page; Store Audit; custom plugin Insights; WR Price List Manager plugin page,Done,2026-06-11,2026-06-11,"Monitor GA4/GSC, related_work_click, related_insight_click, and service CTA clicks.",Product Case Study. Client: WebReadyNow internal product. Supports WooCommerce plugin development and customer-specific pricing workflows.
https://webreadynow.com/when-woocommerce-store-needs-custom-plugin-instead-of-extension/,When a WooCommerce Store Needs a Custom Plugin Instead of Another Extension,Insight Article,Custom Plugins & Store Features,Custom Plugins & Store Features,Problem-aware / Solution-aware,Help store owners decide when a custom WooCommerce plugin is better than adding another extension.,Explore Custom WooCommerce Features,WR Price List Manager for WooCommerce; WooCommerce Payment Diagnostics,Custom Plugins & Store Features service page; WR Price List Manager case study; Store Audit; related custom plugin article,Done,2026-06-08,2026-06-11,Monitor GA4/GSC and internal link activity in 2–4 weeks,Updated with WR Price List Manager pricing example and stronger Custom Plugins CTA path. Supports Custom Plugins service page with decision-stage education and proof links.
https://webreadynow.com/why-woocommerce-checkout-breaks-after-plugin-updates/,Why WooCommerce Checkout Breaks After Plugin Updates,Insight Article,Performance & Checkout Rescue,Performance & Checkout Rescue,Problem-aware,"Understand why plugin updates can break checkout, payments, order flow, or WooCommerce reliability.",Store Audit,WooCommerce Payment Diagnostics,Performance & Checkout Rescue; Store Audit; Payment Diagnostics; checkout issue articles,Done,2026-06-07,2026-06-07,"Confirm links to checkout rescue, payment diagnostics, and Store Audit.",Strong checkout troubleshooting article.
https://webreadynow.com/why-woocommerce-orders-stay-pending-after-a-successful-payment/,Why WooCommerce Orders Stay Pending After a Successful Payment,Insight Article,Performance & Checkout Rescue,Performance & Checkout Rescue,Problem-aware,Understand why WooCommerce orders may stay pending even after a payment appears successful.,Store Audit,WooCommerce Payment Diagnostics,Payment Diagnostics case study; Performance & Checkout Rescue; Store Audit; charged-but-order-not-updated article,Done,2026-06-07,2026-06-07,Link to payment diagnostics case study and checkout rescue service page.,Strong payment-status troubleshooting article.
https://webreadynow.com/woocommerce-erp-integration-what-to-decide-before-connecting-your-store/,WooCommerce ERP Integration: What to Decide Before Connecting Your Store,Insight Article,WooCommerce Integrations,WooCommerce Integrations & System Sync,Problem-aware / Solution-aware,Understand how WooCommerce should connect with ERP and back-office systems without creating ownership confusion.,Store Audit / Consultation,Replacing a Failing ShipStation Sync for a High-Volume Beauty Brand,WooCommerce Integrations; source-of-truth article; inventory sync case study; Store Audit,Done,2026-06-06,2026-06-06,"Confirm links to integrations, source-of-truth article, and inventory sync case study.",Correct live ERP article URL.
https://webreadynow.com/why-woocommerce-inventory-sync-breaks-between-multiple-sales-channels/,Why WooCommerce Inventory Sync Breaks Between Multiple Sales Channels,Insight Article,WooCommerce Integrations,WooCommerce Integrations & System Sync,Problem-aware,"Understand why inventory sync breaks across WooCommerce, ShipStation, marketplaces, warehouses, and connected systems.",Store Audit / Consultation,Replacing a Failing ShipStation Sync for a High-Volume Beauty Brand,WooCommerce Integrations; ShipStation case study; Store Audit; inventory sync article,Done,2026-06-06,2026-06-06,Confirm links to integrations page and ShipStation case study.,"Important article for inventory, operations, and multi-channel sync searches."
https://webreadynow.com/how-to-know-if-your-woocommerce-store-needs-a-rebuild-or-just-optimization/,How to Know if Your WooCommerce Store Needs a Rebuild or Just Optimization,Insight Article,WooCommerce Store Development / Store Audit,WooCommerce Store Audit,Problem-aware / Solution-aware,"Help store owners decide whether they need a rebuild, optimization, cleanup, or focused technical fix.",Store Audit,Samurai Fireworks,Store Audit; Store Development; Performance Rescue; Samurai Fireworks,Done,2026-06-03,2026-06-03,"Link to Store Audit, Store Development, Performance Rescue, and Samurai Fireworks.",Useful decision article for rebuild vs optimization intent.
https://webreadynow.com/before-rebuilding-woocommerce-store-audit-first/,"Before Rebuilding Your WooCommerce Store, Audit First",Insight Article,Store Audit / WooCommerce Store Development,WooCommerce Store Audit,Problem-aware / Solution-aware,Explain why stores should be audited before committing to a rebuild.,Store Audit,Samurai Fireworks,Store Audit; Store Development; rebuild-vs-optimization article; Performance Rescue,Done,2026-06-03,2026-06-03,Link to Store Audit and Store Development service pages.,Supports audit-first positioning.
https://webreadynow.com/when-adding-another-woocommerce-plugin-becomes-more-risky-than-building-the-feature-properly/,When Adding Another WooCommerce Plugin Becomes More Risky Than Building the Feature Properly,Insight Article,Custom Plugins & Store Features,Custom Plugins & Store Features,Problem-aware / Solution-aware,Understand when adding another WooCommerce plugin creates more risk than building a focused custom feature.,Store Audit,WooCommerce Payment Diagnostics,Custom Plugins service page; Custom plugin article; Payment Diagnostics; Store Audit,Done,2026-06-03,2026-06-03,Review overlap with newer custom plugin article and link both strategically.,Earlier custom plugin risk article.
https://webreadynow.com/what-to-automate-in-woocommerce-operations-and-what-still-needs-human-review/,What to Automate in WooCommerce Operations and What Still Needs Human Review,Insight Article,Ecommerce Automation,E-commerce Automation Workflows,Problem-aware,Identify WooCommerce operational tasks that can be automated and which still need human review.,Store Audit / Consultation,Our Tiny Garden,Ecommerce Automation; WooCommerce Integrations; Care Plans; Store Audit,Done,2026-06-03,2026-06-03,"Confirm links to automation, integrations, care plans, and Store Audit.",Correct live automation article URL.
https://webreadynow.com/before-connecting-woocommerce-to-an-erp-or-inventory-system-decide-which-system-is-in-charge/,"Before Connecting WooCommerce to an ERP or Inventory System, Decide Which System Is in Charge",Insight Article,WooCommerce Integrations,WooCommerce Integrations & System Sync,Problem-aware / Solution-aware,"Understand which system should own inventory, orders, pricing, customer data, and sync failures before connecting WooCommerce to an ERP or inventory system.",Store Audit / Consultation,Replacing a Failing ShipStation Sync for a High-Volume Beauty Brand,WooCommerce Integrations; ERP article; automation; inventory sync content; Store Audit,Done,2026-06-06,2026-06-06,"Confirm links to integrations, ERP article, automation, and inventory sync content.",Key strategic integration article.
https://webreadynow.com/when-customers-are-charged-but-woocommerce-orders-do-not-update-correctly/,When Customers Are Charged But WooCommerce Orders Do Not Update Correctly,Insight Article,Performance & Checkout Rescue,Performance & Checkout Rescue,Problem-aware,Understand why customers may be charged but WooCommerce orders do not update correctly.,Store Audit,WooCommerce Payment Diagnostics,Payment Diagnostics case study; Performance & Checkout Rescue; Store Audit; pending orders article,Done,2026-06-07,2026-06-07,Link to payment diagnostics case study and Performance & Checkout Rescue service page.,Strong payment/order status troubleshooting article.
https://webreadynow.com/why-your-woocommerce-store-is-slow/,Why Your WooCommerce Store Is Slow,Insight Article,Performance & Checkout Rescue,Performance & Checkout Rescue,Problem-aware,"Explain why WooCommerce speed problems can come from theme, plugins, database, checkout, third-party scripts, or backend workflows.",Store Audit,Samurai Fireworks,Performance & Checkout Rescue; Store Audit; Care Plans; Samurai Fireworks,Done,2026-06-03,2026-06-03,"Confirm links to performance service, Store Audit, Care Plans, and Samurai Fireworks.",Correct live slow WooCommerce article URL.
https://webreadynow.com/why-woocommerce-checkout-problems-are-hard-to-reproduce/,Why WooCommerce Checkout Problems Are Hard to Reproduce,Insight Article,Performance & Checkout Rescue,Performance & Checkout Rescue,Problem-aware / Solution-aware,"Attract WooCommerce store owners with intermittent checkout, payment, order-status, mobile, caching, shipping, tax, coupon, or plugin-related checkout problems.",Request a WooCommerce Store Audit,WooCommerce Payment Diagnostics,Performance & Checkout Rescue service page; Store Audit; charged-but-order-not-updated article; slow WooCommerce article,Done,2026-06-13,2026-06-13,Monitor GA4/GSC and internal link activity in 2–4 weeks,"Published, featured image added, and connected into the Performance & Checkout Rescue cluster as a Related Insight."
https://webreadynow.com/why-woocommerce-inventory-sync-problems-happen-between-systems/,Why WooCommerce Inventory Sync Problems Happen Between Systems,Insight Article,WooCommerce Integrations,WooCommerce Integrations & System Sync,Problem-aware / Solution-aware,"Attract WooCommerce store owners with stock mismatches, overselling, ERP sync issues, warehouse inventory problems, failed API updates, multiple-location inventory confusion, SKU mismatches, and unclear data ownership between systems.",Request a WooCommerce Store Audit,TBD / Future integration or inventory sync case study,WooCommerce Integrations service page; Store Audit; ERP/source-of-truth Insight; inventory sync across channels article,Done,2026-06-13,2026-06-13,Monitor GA4/GSC and internal link activity in 2–4 weeks,"Published, featured image added, and connected into the WooCommerce Integrations cluster as a Related Insight."
https://webreadynow.com/when-manual-woocommerce-workflows-cost-more-than-automation/,When Manual WooCommerce Workflows Start Costing More Than Automation,Insight Article,Ecommerce Automation,E-commerce Automation Workflows,Problem-aware / Solution-aware,"Attract WooCommerce store owners with repetitive admin tasks, manual order review, spreadsheets, reporting gaps, fulfillment checks, inventory checks, customer-service workflow issues, and disconnected operations.",Request a WooCommerce Store Audit,Our Tiny Garden; Replacing a Failing ShipStation Sync for a High-Volume Beauty Brand,E-commerce Automation service page; Store Audit; automation/human-review article; WooCommerce Integrations; inventory sync article,Done,2026-06-15,2026-06-15,Monitor GA4/GSC and internal link activity in 2–4 weeks,"Published with featured image. Supports the E-commerce Automation Workflows service page. Focuses on the cost of repeated manual workflows, not automation hype."
https://webreadynow.com/wr-price-list-pro/,WR Ultimate Price List,Product Page,Plugin Products / WooCommerce Pricing Rules,Custom Plugins & Store Features,Solution-aware / Decision-stage,"Convert WooCommerce store owners who need price lists, customer-specific pricing, role-based pricing, wholesale pricing, or VIP/member pricing into plugin subscription customers.",Subscribe / Get Plugin,WR Price List Manager for WooCommerce,Plugin docs; Custom Plugins & Store Features; WR Price List Manager case study; pricing cluster articles; Store Audit,Done,2026-06-26,2026-06-26,"Improve single product template, subscription CTA, compatibility section, docs links, checkout clarity, and My Account post-purchase experience.",Product page has early GSC visibility. Needs a professional software/plugin product layout and subscription-focused purchase flow.
https://webreadynow.com/doc-cat/wrn-pricing-rules-pro/,WRN Pricing Rules Pro Documentation,Documentation Hub,Plugin Products / Documentation,WRN Pricing Rules Pro,Support / Onboarding / SEO,"Help buyers and customers understand WRN Pricing Rules Pro setup, features, compatibility, license management, support, and advanced pricing workflows.",View Documentation,WR Price List Manager for WooCommerce,Product page; Installing Pro; Getting Started; Discount Rules; Customer-Specific Pricing; Quantity Tiers; Pricing Inspector; Shortcodes; License Management; Support,Done,2026-06-26,2026-06-26,Monitor GSC impressions/clicks and make sure product page links clearly to the Pro docs hub.,Root Pro documentation hub should remain indexable. Individual useful docs should also be indexable. Child doc-cat section archives can be noindex/follow if they are mostly navigation pages.
https://webreadynow.com/miami-product-businesses-check-before-rebuilding-woocommerce-store/,What Miami Product Businesses Should Check Before Rebuilding Their WooCommerce Store,Insight Article,Local SEO / WooCommerce Developer Miami,WooCommerce Store Audit,Local / Problem-aware / Solution-aware,"Attract Miami and South Florida product businesses considering a WooCommerce rebuild before they understand whether the real issues are checkout, performance, inventory, integrations, product structure, tracking, plugin stack, or operations workflows.",Request a WooCommerce Store Audit,Samurai Fireworks; WooCommerce Payment Diagnostics; Our Tiny Garden,Miami WooCommerce Developer page; Store Audit; WooCommerce Store Development; Performance & Checkout Rescue; WooCommerce Integrations; E-commerce Automation; Custom Plugins; rebuild-vs-optimization article; audit-first article,Done,2026-06-26,2026-06-26,"Monitor GSC local queries, GA4 engagement, Store Audit CTA clicks, and internal link activity in 2–4 weeks.",Published with featured image and shorter SEO metadata. Supports local SEO strategy without generic web design positioning.
https://webreadynow.com/doc-cat/wrn-pricing-rules/,WRN Pricing Rules Documentation,Documentation Hub,Plugin Products / Documentation,WRN Pricing Rules,Support / Onboarding / SEO,"Help users understand the free WRN Pricing Rules plugin, including setup, price lists, settings, import/export, troubleshooting, known limitations, developer reference, and FAQ.",View Documentation,WR Price List Manager for WooCommerce,Pro docs hub; product page; setup docs; price list docs; troubleshooting docs; FAQ,Done,2026-06-26,2026-06-26,Monitor GSC impressions/clicks and link free docs naturally to the Pro upgrade path where relevant.,"Root free documentation hub should remain indexable. Use docs to support onboarding, trust, SEO, and upgrade intent without making every page overly promotional."