 ,Area,Finding,Decision,Action,Expected Result,Status,Review Date,Notes
2026-06-08,Content / SEO,Published article: When a WooCommerce Store Needs a Custom Plugin Instead of Another Extension.,Use the article to strengthen the Custom Plugins & Store Features cluster and support custom WooCommerce plugin development authority.,"Add internal links to Custom Plugins service page, Payment Diagnostics case study, Store Audit, and related custom plugin content.",Increase topical authority around custom WooCommerce plugin development and support service-page conversion.,Monitoring,Next weekly review,Primary cluster: Custom Plugins & Store Features. Primary service page: /services/custom-plugins-features/.
2026-06-08,Content / SEO,Published article: Why WooCommerce Inventory Sync Breaks Between Multiple Sales Channels.,"Use the article to support WooCommerce integrations, inventory sync, and operational workflow content.","Add internal links to WooCommerce Integrations, Ecommerce Automation, Store Audit, and ShipStation/inventory proof assets.",Increase visibility for inventory sync and multi-channel WooCommerce operations topics.,Monitoring,Next weekly review,Primary cluster: WooCommerce Integrations. Related case study: ShipStation/inventory sync work.
2026-06-08,Content / SEO,Published article: Why WooCommerce Checkout Breaks After Plugin Updates.,Use the article to support Performance & Checkout Rescue and explain a common checkout failure scenario.,"Add internal links to Performance & Checkout Rescue, Store Audit, Custom Plugins, and Payment Diagnostics proof.","Increase authority around checkout troubleshooting, plugin conflicts, and WooCommerce rescue work.",Monitoring,Next weekly review,Primary cluster: Performance & Checkout Rescue. Related case study: WooCommerce Payment Diagnostics.
2026-06-08,Content / SEO,Published article: WooCommerce ERP Integration article.,Use the article to support the WooCommerce Integrations service page and explain ERP/system planning.,"Add internal links to WooCommerce Integrations, Ecommerce Automation, Store Audit, and source-of-truth content.","Increase visibility for WooCommerce ERP, accounting, inventory, fulfillment, and system sync topics.",Monitoring,Next weekly review,Primary cluster: WooCommerce Integrations. Primary service page: /services/woocommerce-integrations/.
2026-06-08,Content / SEO,Published article: What to Automate in a WooCommerce Store Before Hiring More Staff.,Use the article to support Ecommerce Automation Workflows and explain practical automation opportunities.,"Add internal links to Ecommerce Automation, WooCommerce Integrations, Store Audit, and Care Plans.","Increase authority around ecommerce automation, operational efficiency, and WooCommerce workflows.",Monitoring,Next weekly review,Primary cluster: Ecommerce Automation. Review Search Console impressions once indexed.
2026-06-08,Content / SEO,"Published article: Before Connecting WooCommerce to Another System, Decide Which System Is in Charge.",Use the article to support WooCommerce Integrations and educate store owners on source-of-truth decisions.,"Add internal links to WooCommerce Integrations, Ecommerce Automation, Store Audit, and related integration articles.","Attract better-fit integration leads and reduce confusion around ERP, inventory, pricing, and order ownership.",Monitoring,Next weekly review,Primary cluster: WooCommerce Integrations. Strong internal link target for future integration content.
2026-06-08,Content / SEO,Published article: When Customers Can Add to Cart But Orders Still Fail.,Use the article to support checkout troubleshooting and explain the difference between cart success and order completion.,"Add internal links to Performance & Checkout Rescue, Store Audit, Payment Diagnostics, and checkout issue content.","Increase visibility for WooCommerce checkout failure, payment issue, and order completion searches.",Monitoring,Next weekly review,Primary cluster: Performance & Checkout Rescue.
2026-06-08,Content / SEO,Published article: When WooCommerce Starts Working Against the Store Instead of Supporting It.,Use the article to explain operational warning signs and guide store owners toward a Store Audit.,"Add internal links to Store Audit, Care & Optimization Plans, Performance & Checkout Rescue, and Ecommerce Automation.",Support problem-aware visitors who know the store feels difficult to manage but do not know the fix yet.,Monitoring,Next weekly review,Primary cluster: Store Audit / Care & Optimization.
2026-06-08,Content / SEO,Published article: Why Your WooCommerce Store Feels Slow Even When Hosting Looks Fine.,Use the article to support performance troubleshooting and explain that speed issues can come from more than hosting.,"Add internal links to Performance & Checkout Rescue, Store Audit, Care & Optimization Plans, and performance proof assets.",Increase authority around WooCommerce performance diagnostics and technical optimization.,Monitoring,Next weekly review,Primary cluster: Performance & Checkout Rescue.
2026-06-08,Content / SEO,Published article: Why WooCommerce Is Still a Strong Choice for Product Businesses.,Use the article to support WooCommerce Store Development and explain why WooCommerce is a strong platform for product businesses.,"Add internal links to WooCommerce Store Development, Store Audit, Custom Plugins, Integrations, and relevant case studies.",Support early-stage buyers comparing ecommerce platforms and improve topical authority around WooCommerce development.,Monitoring,Next weekly review,Primary cluster: WooCommerce Store Development.
2026-06-08,Analytics / Reporting,Growth framework is active but Action Log was missing.,Create and maintain Action Log as the central decision history tab.,"Add Action Log tab and begin logging all important SEO, content, technical, and conversion decisions.",Create a historical record of actions and outcomes for better future decisions.,Done,Next weekly review,Keep this updated every week.
2026-06-08,SEO / Internal Linking,Custom Plugins article is now live but needs cluster integration.,Connect article to the main service and related proof assets.,"Add internal links to /services/custom-plugins-features/, /store-audit/, and payment/custom plugin proof assets.",Stronger cluster structure and better crawl/context signals.,Done,Next weekly review,Article now supports Custom Plugins cluster.
2026-06-08,Business / Trust,WooCommerce partner-readiness identified as a future strategic goal.,Track readiness criteria and revisit after more authority/proof is built.,Add future-goal note in the growth plan and review once criteria are met.,Prepare WebReadyNow for future WooCommerce ecosystem/partner opportunities.,Monitoring,Monthly review,"Need more case studies, reviews, and authority content first."
2026-06-08,SEO / Internal Linking,Custom Plugins & Store Features page already includes the supporting insight and proof path.,No duplicate blocks are needed. Move the page to monitoring and verify engagement.,"Confirm related_insight_click and related_work_click tracking, then monitor the page.",Measure whether visitors use supporting content and proof assets before converting.,Monitoring,Next weekly review,Related insight: When a WooCommerce Store Needs a Custom Plugin Instead of Another Extension.
2026-06-11,Case Study / Custom Plugins,"Published Product Case Study: Building a WooCommerce Price List Manager for B2B, VIP, and Customer Group Pricing.",Use the case study to support the Custom Plugins & Store Features service and prove WebReadyNow can build real WooCommerce plugin functionality.,"Add internal links from the case study to Custom Plugins & Store Features, WooCommerce Store Audit, and related Insights.","Strengthen WebReadyNow’s authority around WooCommerce plugin development, B2B/B2C pricing, and admin workflow tools.",Done,"Review in 2–4 weeks using GA4 landing page data, case study CTA clicks, related_work_click, and related_insight_click.","Positioned as a Product Case Study, not a traditional client case study. Primary CTA: Explore Custom WooCommerce Features."
2026-06-11,SEO / Internal Linking,The custom plugin insight article supports the Custom Plugins & Store Features cluster.,Update the article to link to the WR Price List Manager Product Case Study and make Custom Plugins & Store Features the primary CTA path.,Add a pricing example section linking to /case-studies/woocommerce-price-list-manager-plugin/ and strengthen Custom Plugins CTA.,Strengthen the article → case study → Custom Plugins service page path.,Done,"Review in 2–4 weeks using GA4 article sessions, service CTA clicks, case study clicks, and related links.",This connects the article → case study → Custom Plugins service page path.
2026-06-12,Service Page Optimization,Strengthen the existing Performance & Checkout Rescue service page instead of creating a duplicate checkout rescue landing page.,"The existing service page already covers performance and checkout rescue, including related case studies and Insights.",Use the existing page as the main checkout/performance page and add stronger diagnosis content.,Avoid duplicate content and improve the existing service page’s relevance and conversion clarity.,Done,Review GA4/GSC and CTA activity in 2–4 weeks,No duplicate /woocommerce-checkout-rescue/ page created.
2026-06-13,Service Page Template,Added a reusable optional Service Detail section with a two-column intro/body/checklist design.,The service page template needed a controlled place for deeper explanatory content without forcing important diagnosis copy into FAQ or one-off layouts.,All service pages; first use on https://webreadynow.com/services/performance-checkout-rescue/,Request a Store Audit for Performance & Checkout Rescue,Done,Review GA4/GSC and CTA activity in 2–4 weeks,"Section uses left-side eyebrow/title/intro, right-side checklist/cards, and optional body/closing text. Placed after What we address and before Outcomes + Good Fit."
2026-06-13,Content / Performance & Checkout Rescue,Published the Insight article “Why WooCommerce Checkout Problems Are Hard to Reproduce.”,"This article supports the Performance & Checkout Rescue service page by targeting store owners with intermittent checkout, payment, order-status, mobile, caching, shipping, tax, coupon, or plugin-related checkout problems.",/why-woocommerce-checkout-problems-are-hard-to-reproduce/,Request a WooCommerce Store Audit,Done,Review GA4/GSC and internal link activity in 2–4 weeks,Featured image added. Primary internal link points to /services/performance-checkout-rescue/. Added as Related Insight where relevant.
2026-06-13,Service Page Optimization,Added Service Detail content to the WooCommerce Integrations & System Sync page focused on data ownership and source of truth.,"The integrations page has opportunity around WooCommerce integration, ERP integration, inventory sync, order sync, WMS integration, and system sync terms.",https://webreadynow.com/services/woocommerce-integrations/,Request a Store Audit,Done,Review GA4/GSC and CTA activity in 2–4 weeks,"Used the reusable Service Detail section. Section focuses on source of truth, data ownership, sync failures, and integration planning before connecting WooCommerce to ERP, inventory, accounting, shipping, fulfillment, CRM, WMS, or private APIs."
2026-06-13,Content / WooCommerce Integrations,Published the Insight article “Why WooCommerce Inventory Sync Problems Happen Between Systems.”,"This article supports the WooCommerce Integrations & System Sync service page by targeting store owners with stock mismatches, overselling, ERP sync issues, warehouse inventory problems, failed API updates, SKU mismatches, multiple-location inventory confusion, and unclear data ownership between systems.",/why-woocommerce-inventory-sync-problems-happen-between-systems/,Request a WooCommerce Store Audit,Done,Review GA4/GSC and internal link activity in 2–4 weeks,Featured image added. Primary internal link points to /services/woocommerce-integrations/. Secondary links include /store-audit/ and ERP/source-of-truth article. Added as Related Insight where relevant.
2026-06-13,Content Inventory / Status Cleanup,Latest live site updates were ahead of the Growth Decision Dashboard.,Bring Content Inventory and Action Log back in sync with the live WebReadyNow site.,"Update statuses for Performance & Checkout Rescue, WooCommerce Integrations, checkout article, and inventory sync article.",Keep the dashboard accurate so future decisions are based on current implementation status.,Done,Next dashboard review,Live site confirms Service Detail sections and Related Insights are active on Performance & Checkout Rescue and WooCommerce Integrations pages.
2026-06-13,Conversion Optimization / Store Audit,Updated the Store Audit page with focused clarity and conversion improvements.,"The Store Audit page is the main diagnostic conversion path, so it now better explains why store owners should start with an audit before investing in optimization, checkout rescue, custom development, integrations, automation, or a rebuild.",https://webreadynow.com/store-audit/,Request a Store Audit,Done,Review GA4/GSC and audit CTA activity in 2–4 weeks,"Updated hero headline, added Why start with an audit copy, added Payment or order-status issues form option, and confirmed after-audit service paths include Performance, Custom Plugins, Integrations, Store Development, and Automation."
2026-06-15,Service Page Optimization,Implemented Service Detail and FAQ content on the WooCommerce Store Development & Launch page.,"The page now better explains that WooCommerce development is not only visual design; it should be planned around product structure, checkout, operations, tracking, performance, integrations, and future growth.",https://webreadynow.com/services/woocommerce-store-development/,Request a Store Audit,Done,Review GA4/GSC and service-page CTA activity in 2–4 weeks,"Service Detail section and FAQ added using the existing service page template. Related Insights should support rebuild, audit-first, and optimization decision topics."
2026-06-15,Content Inventory / Status Cleanup,Cleaned duplicate and misaligned Content Inventory rows.,The dashboard had older rows using the wrong column structure and duplicate entries for key assets.,"Removed duplicate rows, corrected shifted columns, and kept the newest complete rows for service pages, articles, and case studies.",Keep the Growth Decision Dashboard reliable so future decisions are based on accurate asset status.,Done,Next dashboard review,Use Content Inventory as the current asset source of truth. Action Log remains the history of decisions/actions.
2026-06-15,Email Marketing / Newsletter,Added MailerLite newsletter signup/form to the WebReadyNow site.,"Newsletter signup is useful as a future owned-audience channel, but it should not distract from higher-priority SEO, service page, case study, Store Audit, and conversion work.",Website-wide MailerLite newsletter form,Newsletter signup / future nurture,Logged / Low priority,Review later after higher-priority growth clusters are updated,"Keep newsletter strategy low priority for now. Later review CTA placement, GA4 tracking, MailerLite segments, welcome sequence, lead magnet ideas, and newsletter reporting."
2026-06-15,Site QA / Care Plans,Found typo in Care Plans FAQ: “es. Plans are month-to-month...”,"The Care Plans page is a paid service page, so small trust issues should be fixed quickly.",Update FAQ answer to start with “Yes. Plans are month-to-month...”,Maintain trust and polish on a pricing/service page.,Planned,After typo is corrected and checked live,Small QA fix before continuing with larger content/service-page work.
2026-06-15,Service Page Optimization,Selected E-commerce Automation & Operations as the next service page to strengthen.,"The page has an existing service foundation and related Insights, but it does not yet use the newer Service Detail and FAQ pattern.",https://webreadynow.com/services/ecommerce-automation/,Request a Store Audit,Planned,After Service Detail and FAQ content are implemented and checked on desktop/mobile,"Add Service Detail section and FAQ. Position automation as a way to reduce repetitive manual work while keeping human review for exceptions, fulfillment issues, inventory problems, failed payments, and customer-service risks."
2026-06-15,Site QA / Care Plans,Fixed typo in Care Plans FAQ answer for “Can I cancel anytime?”,"The Care Plans page is a paid service page, so small trust and polish issues should be corrected quickly.",https://webreadynow.com/care-optimization-plans/,Care Plan inquiry / Consultation,Done,Review during next site QA pass,Changed “es. Plans are month-to-month...” to “Yes. Plans are month-to-month...”
2026-06-15,Service Page Optimization,Selected E-commerce Automation & Operations as the next service page to strengthen.,"The page has an existing service foundation and related Insights, but it does not yet use the newer Service Detail and FAQ pattern.",https://webreadynow.com/services/ecommerce-automation/,Request a Store Audit,Planned,After Service Detail and FAQ content are implemented and checked on desktop/mobile,"Add Service Detail section and FAQ. Position automation as a way to reduce repetitive manual work while keeping human review for exceptions, fulfillment issues, inventory problems, failed payments, and customer-service risks."
2026-06-15,Service Page Optimization,Prepared Service Detail and FAQ content for the E-commerce Automation & Operations page.,The page should explain that WooCommerce automation should reduce repetitive manual work without hiding exceptions that still need human review.,https://webreadynow.com/services/ecommerce-automation/,Request a Store Audit,Ready for implementation,After page content is implemented and checked on desktop/mobile,"Add Service Detail section after “What we address” and add FAQ section using the existing service page template. Related Insights should support automation, inventory sync, source-of-truth planning, and operations cleanup."
2026-06-15,Service Page Optimization,Implemented Service Detail and FAQ content on the E-commerce Automation & Operations page.,The page now better explains that WooCommerce automation should reduce repetitive manual work without hiding exceptions that still need human review.,https://webreadynow.com/services/ecommerce-automation/,Request a Store Audit,Done,Review GA4/GSC and service-page CTA activity in 2–4 weeks,"Service Detail section and FAQ added using the existing service page template. Related Insights support automation, inventory sync, source-of-truth planning, and operations cleanup."
2026-06-15,Content / Ecommerce Automation,Create the Insight article “When Manual WooCommerce Workflows Start Costing More Than Automation.”,"This article supports the E-commerce Automation Workflows service page by targeting store owners with repetitive manual tasks, spreadsheets, reporting gaps, order review issues, inventory checks, fulfillment delays, and customer-service workflow problems.",/when-manual-woocommerce-workflows-cost-more-than-automation/,Request a WooCommerce Store Audit,Draft ready,"After article is published, featured image is added, and internal links are connected.","Primary internal link should point to /services/ecommerce-automation/. Secondary links should include /store-audit/, automation/human-review article, integrations page, and inventory sync article."
2026-06-15,Content / Ecommerce Automation,Published the Insight article “When Manual WooCommerce Workflows Start Costing More Than Automation.”,"This article supports the E-commerce Automation Workflows service page by targeting store owners with repetitive manual tasks, spreadsheets, reporting gaps, order review issues, inventory checks, fulfillment delays, and customer-service workflow problems.",/when-manual-woocommerce-workflows-cost-more-than-automation/,Request a WooCommerce Store Audit,Done,Review GA4/GSC and internal link activity in 2–4 weeks,"Featured image added. Primary internal link points to /services/ecommerce-automation/. Secondary links include /store-audit/, automation/human-review article, integrations page, and inventory sync article."
2026-06-15,Local SEO / Page Optimization,Updated the Miami WooCommerce Developer page with stronger local authority content.,"The page already had a solid WooCommerce-specific foundation, so the update focused on local business relevance instead of a full rewrite.",https://webreadynow.com/woocommerce-developer-miami/,Request a Store Audit,Done,Review GA4/GSC local query performance and CTA activity in 2–4 weeks,"Added stronger Miami/South Florida ecommerce positioning, local business problem language, improved specialty ecommerce copy, stronger local presence copy, proof intro, local FAQ additions, and localized Store Audit CTA."
2026-06-15,Local SEO / Page Optimization,Updated the Miami WooCommerce Developer page with stronger local authority content.,"The page already had a solid WooCommerce-specific foundation, so the update focused on local business relevance instead of a full rewrite.",https://webreadynow.com/woocommerce-developer-miami/,Request a Store Audit,Done,Review GA4/GSC local query performance and CTA activity in 2–4 weeks,"Added stronger Miami/South Florida ecommerce positioning, local business problem language, improved specialty ecommerce copy, stronger local presence copy, proof intro, local FAQ additions, and localized Store Audit CTA."
2026-06-26,Product / Plugin Commerce,Created the first plugin product area for WebReadyNow.,"The new plugin/product area is starting to appear in analytics and Search Console, so it should be tracked as part of the growth dashboard before more content decisions are made.",https://webreadynow.com/product/wr-ultimate-price-list/,Plugin purchase / subscription signup,Done,"Review product page, add-to-cart, checkout, My Account, docs, and subscription flow before promoting the product.","Product URL has early GSC visibility. The product page should use a professional plugin/software layout, not a generic physical-product WooCommerce template."
2026-06-26,Documentation / Plugin SEO,Created the plugin documentation area.,"Public plugin documentation can support SEO, buyer confidence, onboarding, and support reduction if the docs are useful, indexable, and connected to the product page.",https://webreadynow.com/docs/,Product purchase / support / onboarding,Done,"Review docs structure, SEO meta, internal links, noindex rules for private/account pages, and product-to-doc navigation.","Docs should be tracked separately from Insights. Public setup, feature, compatibility, FAQ, and troubleshooting docs can be indexable. Account, download, license, billing, and subscription pages should remain noindex or protected."
2026-06-26,Product / Subscription Flow,Selected the WooCommerce plugin product template and subscription purchase flow as the next implementation priority.,"The product/docs area is now live enough to appear in analytics, so the buying experience needs to support plugin subscriptions, downloads, support, renewals, and My Account clarity before more promotion.",Single product template; cart; checkout; thank-you page; My Account,Plugin purchase / subscription signup,Planned,"After Claude implements the template and flow, test product page, add-to-cart, checkout, payment, downloads, subscriptions, docs links, and My Account.","Use WooCommerce Subscriptions native behavior. Do not custom-code subscription logic. Improve presentation, trust, SEO, and post-purchase experience."
2026-06-26,Content / Local SEO,Create the Insight article “What Miami Product Businesses Should Check Before Rebuilding Their WooCommerce Store.”,"This article supports the Miami WooCommerce Developer page, WooCommerce Store Audit, and WooCommerce Store Development by targeting local Miami and South Florida product businesses considering a rebuild before they understand the real checkout, inventory, integration, performance, tracking, product structure, plugin stack, and operations problems.",/miami-product-businesses-check-before-rebuilding-woocommerce-store/,Request a WooCommerce Store Audit,Draft ready,"After article is published, featured image is added, and internal links are connected.","Primary internal links should point to /woocommerce-developer-miami/, /store-audit/, and /services/woocommerce-store-development/. Secondary links should include Performance & Checkout Rescue, Integrations, E-commerce Automation, Custom Plugins, rebuild-vs-optimization, and audit-first articles."
2026-06-26,Content / Local SEO,Published the Insight article “What Miami Product Businesses Should Check Before Rebuilding Their WooCommerce Store.”,"This article supports the Miami WooCommerce Developer page, WooCommerce Store Audit, and WooCommerce Store Development by targeting local Miami and South Florida product businesses considering a rebuild before they understand the real checkout, inventory, integration, performance, tracking, product structure, plugin stack, and operations problems.",/miami-product-businesses-check-before-rebuilding-woocommerce-store/,Request a WooCommerce Store Audit,Done,"Review GSC local query performance, article clicks, related_insight_click, and Store Audit CTA activity in 2–4 weeks","Featured image added. SEO title shortened to “Miami WooCommerce Rebuild Checklist | WebReadyNow.” Primary internal links should point to /woocommerce-developer-miami/, /store-audit/, and /services/woocommerce-store-development/."
2026-06-26,Product / Subscription Flow,Confirmed the WooCommerce plugin product template and subscription purchase flow are already covered.,"The product page, add-to-cart, checkout, subscription, and account experience do not need to remain the next active implementation priority unless a specific issue appears.",Plugin product template; cart; checkout; My Account; subscription flow,Plugin purchase / subscription signup,Covered,"Monitor product page, docs, checkout, subscription conversions, and support friction after launch","Do not keep this as the next active task. Continue growth decisions around SEO, local visibility, docs/product promotion, and lead acquisition."
2026-06-26,Social / Facebook,Published a Facebook post promoting the WooCommerce Performance & Checkout Rescue service.,"The post uses a 99 performance score proof image to attract Miami and South Florida product businesses with WooCommerce speed, performance, and checkout issues.",https://webreadynow.com/services/performance-checkout-rescue/,Request a Store Audit,Posted,"Review post engagement, link clicks, GA4 traffic, Store Audit CTA clicks, and possible boost results after 3–7 days","Facebook/social networks should now be included as a recurring part of the WebReadyNow growth plan, supporting service pages, case studies, local SEO, and plugin/product launches."
2026-06-26,Documentation / Plugin SEO,Implemented SEO title prefixing for plugin documentation articles.,"The documentation architecture uses flat /docs/ article URLs, so each doc article needs plugin context in the SEO title to avoid vague search snippets like “Installing Pro.”",WRN Pricing Rules Pro docs; WRN Pricing Rules docs,Product purchase / support / onboarding,Done,Review indexed titles in Google Search Console after recrawl,"The SEO title for docs articles is now prefixed based on the root doc-cat/plugin, such as “WRN Pricing Rules Pro: Installing Pro” or “WRN Pricing Rules: Creating Price Lists.” This helps Google and users identify which plugin each doc belongs to."