Start Date,End Date,Event Name,Page Path,Event Count,Total Users,Pulled At
28daysAgo,yesterday,page_view,/,133,79,6/29/2026
28daysAgo,yesterday,session_start,/,91,75,6/29/2026
28daysAgo,yesterday,first_visit,/,73,73,6/29/2026
28daysAgo,yesterday,user_engagement,/,58,22,6/29/2026
28daysAgo,yesterday,page_view,/services/performance-checkout-rescue/,51,43,6/29/2026
28daysAgo,yesterday,session_start,/services/performance-checkout-rescue/,41,40,6/29/2026
28daysAgo,yesterday,first_visit,/services/performance-checkout-rescue/,40,40,6/29/2026
28daysAgo,yesterday,page_view,/store-audit/,30,13,6/29/2026
28daysAgo,yesterday,page_view,/case-studies/,25,10,6/29/2026
28daysAgo,yesterday,page_view,/care-optimization-plans/,24,16,6/29/2026
28daysAgo,yesterday,page_view,/contact/,21,12,6/29/2026
28daysAgo,yesterday,scroll,/,18,14,6/29/2026
28daysAgo,yesterday,page_view,/viaje-captiva/,17,10,6/29/2026
28daysAgo,yesterday,page_view,/insights/,16,4,6/29/2026
28daysAgo,yesterday,page_view,/woocommerce-developer-miami/,16,9,6/29/2026
28daysAgo,yesterday,scroll,/services/performance-checkout-rescue/,15,15,6/29/2026
28daysAgo,yesterday,user_engagement,/store-audit/,14,6,6/29/2026
28daysAgo,yesterday,case_study_click,/case-studies/,13,6,6/29/2026
28daysAgo,yesterday,nav_service_click,/,13,8,6/29/2026
28daysAgo,yesterday,page_view,/services/woocommerce-store-development/,12,6,6/29/2026
28daysAgo,yesterday,session_start,/viaje-captiva/,12,10,6/29/2026
28daysAgo,yesterday,user_engagement,/services/performance-checkout-rescue/,12,6,6/29/2026
28daysAgo,yesterday,page_view,/case-studies/quest-technology/,11,6,6/29/2026
28daysAgo,yesterday,page_view,/services/woocommerce-integrations/,11,9,6/29/2026
28daysAgo,yesterday,user_engagement,/case-studies/,11,5,6/29/2026
28daysAgo,yesterday,user_engagement,/contact/,11,8,6/29/2026
28daysAgo,yesterday,user_engagement,/insights/,11,3,6/29/2026
28daysAgo,yesterday,nav_service_click,/services/performance-checkout-rescue/,10,4,6/29/2026
28daysAgo,yesterday,page_view,/checkout/,10,1,6/29/2026
28daysAgo,yesterday,user_engagement,/care-optimization-plans/,10,7,6/29/2026
28daysAgo,yesterday,user_engagement,/checkout/,10,1,6/29/2026
28daysAgo,yesterday,user_engagement,/woocommerce-developer-miami/,10,4,6/29/2026
28daysAgo,yesterday,first_visit,/viaje-captiva/,9,9,6/29/2026
28daysAgo,yesterday,page_view,/case-studies/woocommerce-payment-diagnostics/,9,5,6/29/2026
28daysAgo,yesterday,page_view,/services/ecommerce-automation/,9,7,6/29/2026
28daysAgo,yesterday,store_audit_cta_click,/,9,8,6/29/2026
28daysAgo,yesterday,store_audit_cta_click,/store-audit/,9,4,6/29/2026
28daysAgo,yesterday,lead_form_step,/store-audit/,8,2,6/29/2026
28daysAgo,yesterday,page_view,/services/custom-plugins-features/,8,7,6/29/2026
28daysAgo,yesterday,scroll,/case-studies/quest-technology/,8,5,6/29/2026
28daysAgo,yesterday,user_engagement,/case-studies/quest-technology/,7,2,6/29/2026
28daysAgo,yesterday,first_visit,/woocommerce-developer-miami/,6,6,6/29/2026
28daysAgo,yesterday,page_view,/about/,6,4,6/29/2026
28daysAgo,yesterday,page_view,/case-studies/our-tiny-garden/,6,5,6/29/2026
28daysAgo,yesterday,page_view,/case-studies/samurai-fireworks/,6,4,6/29/2026
28daysAgo,yesterday,scroll,/contact/,6,4,6/29/2026
28daysAgo,yesterday,session_start,/care-optimization-plans/,6,6,6/29/2026
28daysAgo,yesterday,session_start,/woocommerce-developer-miami/,6,6,6/29/2026
28daysAgo,yesterday,first_visit,/services/woocommerce-integrations/,5,5,6/29/2026
28daysAgo,yesterday,form_start,/store-audit/,5,4,6/29/2026
28daysAgo,yesterday,nav_service_click,/care-optimization-plans/,5,5,6/29/2026
28daysAgo,yesterday,page_view,/casinova-deres-totale-guide-til-landets-svrt-spennende/,5,2,6/29/2026
28daysAgo,yesterday,page_view,/my-account/,5,5,6/29/2026
28daysAgo,yesterday,page_view,/why-woocommerce-inventory-sync-breaks-between-multiple-sales-channels/,5,2,6/29/2026
28daysAgo,yesterday,scroll,/case-studies/,5,4,6/29/2026
28daysAgo,yesterday,scroll,/case-studies/woocommerce-payment-diagnostics/,5,3,6/29/2026
28daysAgo,yesterday,session_start,/contact/,5,5,6/29/2026
28daysAgo,yesterday,session_start,/services/woocommerce-integrations/,5,5,6/29/2026
28daysAgo,yesterday,user_engagement,/about/,5,3,6/29/2026
28daysAgo,yesterday,consultation_cta_click,/store-audit/,4,3,6/29/2026
28daysAgo,yesterday,first_visit,/care-optimization-plans/,4,4,6/29/2026
28daysAgo,yesterday,first_visit,/my-account/,4,4,6/29/2026
28daysAgo,yesterday,first_visit,/privacy-policy/,4,4,6/29/2026
28daysAgo,yesterday,first_visit,/services/ecommerce-automation/,4,4,6/29/2026
28daysAgo,yesterday,first_visit,/when-woocommerce-store-needs-custom-plugin-instead-of-extension/,4,4,6/29/2026
28daysAgo,yesterday,mobile_menu_open,/,4,3,6/29/2026
28daysAgo,yesterday,nav_service_click,/contact/,4,4,6/29/2026
28daysAgo,yesterday,page_view,/how-to-know-if-your-woocommerce-store-needs-a-rebuild-or-just-optimization/,4,3,6/29/2026
28daysAgo,yesterday,page_view,/privacy-policy/,4,4,6/29/2026
28daysAgo,yesterday,page_view,/when-woocommerce-store-needs-custom-plugin-instead-of-extension/,4,4,6/29/2026
28daysAgo,yesterday,scroll,/care-optimization-plans/,4,3,6/29/2026
28daysAgo,yesterday,scroll,/store-audit/,4,3,6/29/2026
28daysAgo,yesterday,scroll,/viaje-captiva/,4,3,6/29/2026
28daysAgo,yesterday,session_start,/my-account/,4,4,6/29/2026
28daysAgo,yesterday,session_start,/privacy-policy/,4,4,6/29/2026
28daysAgo,yesterday,session_start,/services/ecommerce-automation/,4,4,6/29/2026
28daysAgo,yesterday,session_start,/store-audit/,4,4,6/29/2026
28daysAgo,yesterday,session_start,/when-woocommerce-store-needs-custom-plugin-instead-of-extension/,4,4,6/29/2026
28daysAgo,yesterday,user_engagement,/case-studies/our-tiny-garden/,4,3,6/29/2026
28daysAgo,yesterday,user_engagement,/case-studies/samurai-fireworks/,4,3,6/29/2026
28daysAgo,yesterday,user_engagement,/services/woocommerce-integrations/,4,3,6/29/2026
28daysAgo,yesterday,user_engagement,/services/woocommerce-store-development/,4,3,6/29/2026
28daysAgo,yesterday,user_engagement,/viaje-captiva/,4,4,6/29/2026
28daysAgo,yesterday,first_visit,/case-studies/quest-technology/,3,3,6/29/2026
28daysAgo,yesterday,first_visit,/contact/,3,3,6/29/2026
28daysAgo,yesterday,first_visit,/project/wr-ultimate-price-list/,3,3,6/29/2026
28daysAgo,yesterday,first_visit,/services/custom-plugins-features/,3,3,6/29/2026
28daysAgo,yesterday,first_visit,/why-woocommerce-checkout-breaks-after-plugin-updates/,3,3,6/29/2026
28daysAgo,yesterday,first_visit,/woocommerce-wholesale-prices-without-separate-store/,3,3,6/29/2026
28daysAgo,yesterday,mobile_menu_open,/care-optimization-plans/,3,3,6/29/2026
28daysAgo,yesterday,nav_service_click,/services/ecommerce-automation/,3,2,6/29/2026
28daysAgo,yesterday,nav_service_click,/services/woocommerce-store-development/,3,2,6/29/2026
28daysAgo,yesterday,nav_service_click,/store-audit/,3,3,6/29/2026
28daysAgo,yesterday,page_view,/case-studies/replacing-a-failing-shipstation-for-a-hight-volumen-beauty-brand/,3,3,6/29/2026
28daysAgo,yesterday,page_view,/case-studies/woocommerce-price-list-manager-plugin/,3,2,6/29/2026
28daysAgo,yesterday,page_view,/insights/page/2/,3,2,6/29/2026
28daysAgo,yesterday,page_view,/project/wr-ultimate-price-list/,3,3,6/29/2026
28daysAgo,yesterday,page_view,/services/,3,3,6/29/2026
28daysAgo,yesterday,page_view,/why-woocommerce-checkout-breaks-after-plugin-updates/,3,3,6/29/2026
28daysAgo,yesterday,page_view,/woocommerce-wholesale-prices-without-separate-store/,3,3,6/29/2026
28daysAgo,yesterday,related_work_click,/store-audit/,3,2,6/29/2026
28daysAgo,yesterday,scroll,/about/,3,3,6/29/2026
28daysAgo,yesterday,session_start,/about/,3,3,6/29/2026
28daysAgo,yesterday,session_start,/case-studies/quest-technology/,3,3,6/29/2026
28daysAgo,yesterday,session_start,/project/wr-ultimate-price-list/,3,3,6/29/2026
28daysAgo,yesterday,session_start,/services/custom-plugins-features/,3,3,6/29/2026
28daysAgo,yesterday,session_start,/why-woocommerce-checkout-breaks-after-plugin-updates/,3,3,6/29/2026
28daysAgo,yesterday,session_start,/why-woocommerce-inventory-sync-breaks-between-multiple-sales-channels/,3,2,6/29/2026
28daysAgo,yesterday,session_start,/woocommerce-wholesale-prices-without-separate-store/,3,3,6/29/2026
28daysAgo,yesterday,user_engagement,/case-studies/woocommerce-payment-diagnostics/,3,3,6/29/2026
28daysAgo,yesterday,user_engagement,/casinova-deres-totale-guide-til-landets-svrt-spennende/,3,2,6/29/2026
28daysAgo,yesterday,user_engagement,/how-to-know-if-your-woocommerce-store-needs-a-rebuild-or-just-optimization/,3,2,6/29/2026
28daysAgo,yesterday,user_engagement,/project/wr-ultimate-price-list/,3,3,6/29/2026
28daysAgo,yesterday,click,/case-studies/quest-technology/,2,1,6/29/2026
28daysAgo,yesterday,contact_cta_click,/services/performance-checkout-rescue/,2,1,6/29/2026
28daysAgo,yesterday,cs_view_live_site,/case-studies/quest-technology/,2,1,6/29/2026
28daysAgo,yesterday,first_visit,/about/,2,2,6/29/2026
28daysAgo,yesterday,first_visit,/case-studies/,2,2,6/29/2026
28daysAgo,yesterday,first_visit,/case-studies/our-tiny-garden/,2,2,6/29/2026
28daysAgo,yesterday,first_visit,/case-studies/woocommerce-payment-diagnostics/,2,2,6/29/2026
28daysAgo,yesterday,first_visit,/store-audit/,2,2,6/29/2026
28daysAgo,yesterday,first_visit,/why-woocommerce-inventory-sync-problems-happen-between-systems/,2,2,6/29/2026
28daysAgo,yesterday,form_start,/contact/,2,2,6/29/2026
28daysAgo,yesterday,lead_form_start,/contact/,2,2,6/29/2026
28daysAgo,yesterday,mobile_menu_open,/contact/,2,2,6/29/2026
28daysAgo,yesterday,mobile_menu_open,/store-audit/,2,2,6/29/2026
28daysAgo,yesterday,nav_service_click,/case-studies/,2,2,6/29/2026
28daysAgo,yesterday,nav_service_click,/services/custom-plugins-features/,2,1,6/29/2026
28daysAgo,yesterday,nav_service_click,/services/woocommerce-integrations/,2,2,6/29/2026
28daysAgo,yesterday,page_view,/case-studies/beghelli-usa-website-redesign-mas500-integration/,2,2,6/29/2026
28daysAgo,yesterday,page_view,/glorion-casino-nervenkitzel-und-spielspa-auf-hochstem-niveau/,2,1,6/29/2026
28daysAgo,yesterday,page_view,/lunubet-kotimaan-pelaajien-varma-kasinoyhteiso/,2,1,6/29/2026
28daysAgo,yesterday,page_view,/what-to-automate-in-woocommerce-operations-and-what-still-needs-human-review/,2,2,6/29/2026
28daysAgo,yesterday,page_view,/why-woocommerce-inventory-sync-problems-happen-between-systems/,2,2,6/29/2026
28daysAgo,yesterday,scroll,/checkout/,2,1,6/29/2026
28daysAgo,yesterday,scroll,/how-to-know-if-your-woocommerce-store-needs-a-rebuild-or-just-optimization/,2,2,6/29/2026
28daysAgo,yesterday,scroll,/insights/page/2/,2,1,6/29/2026
28daysAgo,yesterday,scroll,/project/wr-ultimate-price-list/,2,2,6/29/2026
28daysAgo,yesterday,scroll,/woocommerce-developer-miami/,2,2,6/29/2026
28daysAgo,yesterday,scroll,/woocommerce-wholesale-prices-without-separate-store/,2,2,6/29/2026
28daysAgo,yesterday,session_start,/case-studies/,2,2,6/29/2026
28daysAgo,yesterday,session_start,/case-studies/our-tiny-garden/,2,2,6/29/2026
28daysAgo,yesterday,session_start,/case-studies/replacing-a-failing-shipstation-for-a-hight-volumen-beauty-brand/,2,2,6/29/2026
28daysAgo,yesterday,session_start,/case-studies/woocommerce-payment-diagnostics/,2,2,6/29/2026
28daysAgo,yesterday,session_start,/how-to-know-if-your-woocommerce-store-needs-a-rebuild-or-just-optimization/,2,2,6/29/2026
28daysAgo,yesterday,session_start,/insights/,2,2,6/29/2026
28daysAgo,yesterday,session_start,/why-woocommerce-inventory-sync-problems-happen-between-systems/,2,2,6/29/2026
28daysAgo,yesterday,store_audit_cta_click,/case-studies/woocommerce-payment-diagnostics/,2,1,6/29/2026
28daysAgo,yesterday,user_engagement,/case-studies/replacing-a-failing-shipstation-for-a-hight-volumen-beauty-brand/,2,2,6/29/2026
28daysAgo,yesterday,user_engagement,/services/,2,2,6/29/2026
28daysAgo,yesterday,user_engagement,/services/custom-plugins-features/,2,2,6/29/2026
28daysAgo,yesterday,user_engagement,/why-woocommerce-checkout-breaks-after-plugin-updates/,2,2,6/29/2026
28daysAgo,yesterday,user_engagement,/why-woocommerce-inventory-sync-problems-happen-between-systems/,2,2,6/29/2026
28daysAgo,yesterday,case_study_to_audit_click,/case-studies/woocommerce-payment-diagnostics/,1,1,6/29/2026
28daysAgo,yesterday,click,/contact/,1,1,6/29/2026
28daysAgo,yesterday,consultation_cta_click,/case-studies/woocommerce-payment-diagnostics/,1,1,6/29/2026
28daysAgo,yesterday,consultation_cta_click,/insights/,1,1,6/29/2026
28daysAgo,yesterday,consultation_cta_click,/services/performance-checkout-rescue/,1,1,6/29/2026
28daysAgo,yesterday,email_click,/services/performance-checkout-rescue/,1,1,6/29/2026
28daysAgo,yesterday,first_visit,/add-extra-fields-to-categories-without-plugin-wordpress/,1,1,6/29/2026
28daysAgo,yesterday,first_visit,/before-connecting-woocommerce-to-an-erp-or-inventory-system-decide-which-system-is-in-charge/,1,1,6/29/2026
28daysAgo,yesterday,first_visit,/before-rebuilding-woocommerce-store-audit-first/,1,1,6/29/2026
28daysAgo,yesterday,first_visit,/case-studies/beghelli-usa-website-redesign-mas500-integration/,1,1,6/29/2026
28daysAgo,yesterday,first_visit,/case-studies/replacing-a-failing-shipstation-for-a-hight-volumen-beauty-brand/,1,1,6/29/2026
28daysAgo,yesterday,first_visit,/case-studies/woocommerce-price-list-manager-plugin/,1,1,6/29/2026
28daysAgo,yesterday,first_visit,/category/uncategorized/,1,1,6/29/2026
28daysAgo,yesterday,first_visit,/how-to-know-if-your-woocommerce-store-needs-a-rebuild-or-just-optimization/,1,1,6/29/2026
28daysAgo,yesterday,first_visit,/insights/,1,1,6/29/2026
28daysAgo,yesterday,first_visit,/insights/page/2/,1,1,6/29/2026
28daysAgo,yesterday,first_visit,/services/,1,1,6/29/2026
28daysAgo,yesterday,first_visit,/services/woocommerce-store-development/,1,1,6/29/2026
28daysAgo,yesterday,first_visit,/terms-of-service/,1,1,6/29/2026
28daysAgo,yesterday,first_visit,/todo-sobre-las-web-apps/,1,1,6/29/2026
28daysAgo,yesterday,first_visit,/what-to-automate-in-woocommerce-operations-and-what-still-needs-human-review/,1,1,6/29/2026
28daysAgo,yesterday,first_visit,/when-adding-another-woocommerce-plugin-becomes-more-risky-than-building-the-feature-properly/,1,1,6/29/2026
28daysAgo,yesterday,first_visit,/when-customers-are-charged-but-woocommerce-orders-do-not-update-correctly/,1,1,6/29/2026
28daysAgo,yesterday,first_visit,/why-woocommerce-inventory-sync-breaks-between-multiple-sales-channels/,1,1,6/29/2026
28daysAgo,yesterday,first_visit,/why-woocommerce-orders-stay-pending-after-a-successful-payment/,1,1,6/29/2026
28daysAgo,yesterday,first_visit,/why-your-woocommerce-store-is-slow/,1,1,6/29/2026
28daysAgo,yesterday,first_visit,/woocommerce-erp-integration-what-to-decide-before-connecting-your-store/,1,1,6/29/2026
28daysAgo,yesterday,first_visit,/wr-log,1,1,6/29/2026
28daysAgo,yesterday,lead_form_submit_success,/contact/,1,1,6/29/2026
28daysAgo,yesterday,lead_form_submit_success,/store-audit/,1,1,6/29/2026
28daysAgo,yesterday,mobile_menu_open,/viaje-captiva/,1,1,6/29/2026
28daysAgo,yesterday,nav_service_click,/case-studies/beghelli-usa-website-redesign-mas500-integration/,1,1,6/29/2026
28daysAgo,yesterday,nav_service_click,/case-studies/woocommerce-price-list-manager-plugin/,1,1,6/29/2026
28daysAgo,yesterday,page_view,/add-extra-fields-to-categories-without-plugin-wordpress/,1,1,6/29/2026
28daysAgo,yesterday,page_view,/beef-casino-review-unlock-huge-bonuses-and-top-14/,1,1,6/29/2026
28daysAgo,yesterday,page_view,/before-connecting-woocommerce-to-an-erp-or-inventory-system-decide-which-system-is-in-charge/,1,1,6/29/2026
28daysAgo,yesterday,page_view,/before-rebuilding-woocommerce-store-audit-first/,1,1,6/29/2026
28daysAgo,yesterday,page_view,/betigma-din-egen-kompletta-vagledning-till-spelupplevelsen/,1,1,6/29/2026
28daysAgo,yesterday,page_view,/betigma-your-premier-destination-for-remarkable-online-gaming-experience/,1,1,6/29/2026
28daysAgo,yesterday,page_view,/category/integrations/,1,1,6/29/2026
28daysAgo,yesterday,page_view,/category/uncategorized/,1,1,6/29/2026
28daysAgo,yesterday,page_view,/chicken-road-2-zabava-koja-osvaja-svijet-mrenih-casina/,1,1,6/29/2026
28daysAgo,yesterday,page_view,/custom-post-type-in-wordpress-cpt/,1,1,6/29/2026
28daysAgo,yesterday,page_view,/docs/,1,1,6/29/2026
28daysAgo,yesterday,page_view,/dragonia-casino-din-egen-omfattende-guide-til-spennende-spillopplevelser/,1,1,6/29/2026
28daysAgo,yesterday,page_view,/home-2/,1,1,6/29/2026
28daysAgo,yesterday,page_view,/hvilke-betaling-metode-lever-brukbar-atomnummer-85-sg8-kasino-21-casino-norway-join-the-action/,1,1,6/29/2026
28daysAgo,yesterday,page_view,/kosta-hypebet-casino-licens-och-laga-bobby-casino-sverige-collect-bonus/,1,1,6/29/2026
28daysAgo,yesterday,page_view,/lucky-capone-herni-portal-exkluzivni-herni-platforma-s-podsvetnim-stylem/,1,1,6/29/2026
28daysAgo,yesterday,page_view,/manuale-esaustiva-ai-siti-di-gioco-non-aams-possibilita-e-vantaggi-per/,1,1,6/29/2026
28daysAgo,yesterday,page_view,/morospin-casino-spitzenklasse-im-virtuellen-glucksspiel/,1,1,6/29/2026
28daysAgo,yesterday,page_view,/nejvyi-mezinarodni-online-casino-komplexni-manual-pro-uivatele/,1,1,6/29/2026
28daysAgo,yesterday,page_view,/online-casino-komplexni-navod-prostedim-virtualniho/,1,1,6/29/2026
28daysAgo,yesterday,page_view,/pin-ap-kazino-v-kazahstane-oficialnyj-sajt-pin-up-2/,1,1,6/29/2026
28daysAgo,yesterday,page_view,/product/wr-ultimate-price-list/,1,1,6/29/2026
28daysAgo,yesterday,page_view,/r-sg8-kasino-gummi-och-legalisera-casino-flaxcasino-se-play-for-real/,1,1,6/29/2026
28daysAgo,yesterday,page_view,/representere-p-det-punktet-hva-som-helst-ulempe-med-7xm-casino-norge-join-the-action-casino-nine/,1,1,6/29/2026
28daysAgo,yesterday,page_view,/terms-of-service/,1,1,6/29/2026
28daysAgo,yesterday,page_view,/todo-sobre-las-web-apps/,1,1,6/29/2026
28daysAgo,yesterday,page_view,/transaktioner-s-ker-med-neteller-m-nga-fler-s-dermanlands-l-n/,1,1,6/29/2026
28daysAgo,yesterday,page_view,/turbowins-dina-basta-casinoupplevelse-online/,1,1,6/29/2026
28daysAgo,yesterday,page_view,/utforska-nyaste-digitalt-spel-roulette-slottio-casino-se/,1,1,6/29/2026
28daysAgo,yesterday,page_view,/when-adding-another-woocommerce-plugin-becomes-more-risky-than-building-the-feature-properly/,1,1,6/29/2026
28daysAgo,yesterday,page_view,/when-customers-are-charged-but-woocommerce-orders-do-not-update-correctly/,1,1,6/29/2026
28daysAgo,yesterday,page_view,/why-woocommerce-orders-stay-pending-after-a-successful-payment/,1,1,6/29/2026
28daysAgo,yesterday,page_view,/why-your-woocommerce-store-is-slow/,1,1,6/29/2026
28daysAgo,yesterday,page_view,/woocommerce-erp-integration-what-to-decide-before-connecting-your-store/,1,1,6/29/2026
28daysAgo,yesterday,page_view,/wr-log,1,1,6/29/2026
28daysAgo,yesterday,page_view,/wr-price-list-pro/,1,1,6/29/2026
28daysAgo,yesterday,plugin_pricing_rule_hero_cta_click,/wr-price-list-pro/,1,1,6/29/2026
28daysAgo,yesterday,related_insight_click,/services/woocommerce-store-development/,1,1,6/29/2026
28daysAgo,yesterday,related_work_click,/services/ecommerce-automation/,1,1,6/29/2026
28daysAgo,yesterday,related_work_click,/services/woocommerce-store-development/,1,1,6/29/2026
28daysAgo,yesterday,scroll,/case-studies/beghelli-usa-website-redesign-mas500-integration/,1,1,6/29/2026
28daysAgo,yesterday,scroll,/case-studies/our-tiny-garden/,1,1,6/29/2026
28daysAgo,yesterday,scroll,/case-studies/replacing-a-failing-shipstation-for-a-hight-volumen-beauty-brand/,1,1,6/29/2026
28daysAgo,yesterday,scroll,/insights/,1,1,6/29/2026
28daysAgo,yesterday,scroll,/manuale-esaustiva-ai-siti-di-gioco-non-aams-possibilita-e-vantaggi-per/,1,1,6/29/2026
28daysAgo,yesterday,scroll,/my-account/,1,1,6/29/2026
28daysAgo,yesterday,scroll,/services/custom-plugins-features/,1,1,6/29/2026
28daysAgo,yesterday,scroll,/services/ecommerce-automation/,1,1,6/29/2026
28daysAgo,yesterday,scroll,/services/woocommerce-integrations/,1,1,6/29/2026
28daysAgo,yesterday,scroll,/services/woocommerce-store-development/,1,1,6/29/2026
28daysAgo,yesterday,scroll,/what-to-automate-in-woocommerce-operations-and-what-still-needs-human-review/,1,1,6/29/2026
28daysAgo,yesterday,scroll,/why-woocommerce-checkout-breaks-after-plugin-updates/,1,1,6/29/2026
28daysAgo,yesterday,scroll,/why-woocommerce-inventory-sync-breaks-between-multiple-sales-channels/,1,1,6/29/2026
28daysAgo,yesterday,scroll,/wr-price-list-pro/,1,1,6/29/2026
28daysAgo,yesterday,service_card_click,/,1,1,6/29/2026
28daysAgo,yesterday,service_landing_cta_click,/care-optimization-plans/,1,1,6/29/2026
28daysAgo,yesterday,session_start,/add-extra-fields-to-categories-without-plugin-wordpress/,1,1,6/29/2026
28daysAgo,yesterday,session_start,/before-connecting-woocommerce-to-an-erp-or-inventory-system-decide-which-system-is-in-charge/,1,1,6/29/2026
28daysAgo,yesterday,session_start,/before-rebuilding-woocommerce-store-audit-first/,1,1,6/29/2026
28daysAgo,yesterday,session_start,/case-studies/beghelli-usa-website-redesign-mas500-integration/,1,1,6/29/2026
28daysAgo,yesterday,session_start,/case-studies/woocommerce-price-list-manager-plugin/,1,1,6/29/2026
28daysAgo,yesterday,session_start,/casinova-deres-totale-guide-til-landets-svrt-spennende/,1,1,6/29/2026
28daysAgo,yesterday,session_start,/category/uncategorized/,1,1,6/29/2026
28daysAgo,yesterday,session_start,/checkout/,1,1,6/29/2026
28daysAgo,yesterday,session_start,/docs/,1,1,6/29/2026
28daysAgo,yesterday,session_start,/glorion-casino-nervenkitzel-und-spielspa-auf-hochstem-niveau/,1,1,6/29/2026
28daysAgo,yesterday,session_start,/insights/page/2/,1,1,6/29/2026
28daysAgo,yesterday,session_start,/manuale-esaustiva-ai-siti-di-gioco-non-aams-possibilita-e-vantaggi-per/,1,1,6/29/2026
28daysAgo,yesterday,session_start,/services/,1,1,6/29/2026
28daysAgo,yesterday,session_start,/services/woocommerce-store-development/,1,1,6/29/2026
28daysAgo,yesterday,session_start,/terms-of-service/,1,1,6/29/2026
28daysAgo,yesterday,session_start,/todo-sobre-las-web-apps/,1,1,6/29/2026
28daysAgo,yesterday,session_start,/what-to-automate-in-woocommerce-operations-and-what-still-needs-human-review/,1,1,6/29/2026
28daysAgo,yesterday,session_start,/when-adding-another-woocommerce-plugin-becomes-more-risky-than-building-the-feature-properly/,1,1,6/29/2026
28daysAgo,yesterday,session_start,/when-customers-are-charged-but-woocommerce-orders-do-not-update-correctly/,1,1,6/29/2026
28daysAgo,yesterday,session_start,/why-woocommerce-orders-stay-pending-after-a-successful-payment/,1,1,6/29/2026
28daysAgo,yesterday,session_start,/why-your-woocommerce-store-is-slow/,1,1,6/29/2026
28daysAgo,yesterday,session_start,/woocommerce-erp-integration-what-to-decide-before-connecting-your-store/,1,1,6/29/2026
28daysAgo,yesterday,session_start,/wr-log,1,1,6/29/2026
28daysAgo,yesterday,store_audit_cta_click,/contact/,1,1,6/29/2026
28daysAgo,yesterday,store_audit_cta_click,/services/performance-checkout-rescue/,1,1,6/29/2026
28daysAgo,yesterday,user_engagement,/beef-casino-review-unlock-huge-bonuses-and-top-14/,1,1,6/29/2026
28daysAgo,yesterday,user_engagement,/betigma-din-egen-kompletta-vagledning-till-spelupplevelsen/,1,1,6/29/2026
28daysAgo,yesterday,user_engagement,/betigma-your-premier-destination-for-remarkable-online-gaming-experience/,1,1,6/29/2026
28daysAgo,yesterday,user_engagement,/case-studies/woocommerce-price-list-manager-plugin/,1,1,6/29/2026
28daysAgo,yesterday,user_engagement,/category/integrations/,1,1,6/29/2026
28daysAgo,yesterday,user_engagement,/custom-post-type-in-wordpress-cpt/,1,1,6/29/2026
28daysAgo,yesterday,user_engagement,/glorion-casino-nervenkitzel-und-spielspa-auf-hochstem-niveau/,1,1,6/29/2026
28daysAgo,yesterday,user_engagement,/home-2/,1,1,6/29/2026
28daysAgo,yesterday,user_engagement,/hvilke-betaling-metode-lever-brukbar-atomnummer-85-sg8-kasino-21-casino-norway-join-the-action/,1,1,6/29/2026
28daysAgo,yesterday,user_engagement,/manuale-esaustiva-ai-siti-di-gioco-non-aams-possibilita-e-vantaggi-per/,1,1,6/29/2026
28daysAgo,yesterday,user_engagement,/my-account/,1,1,6/29/2026
28daysAgo,yesterday,user_engagement,/nejvyi-mezinarodni-online-casino-komplexni-manual-pro-uivatele/,1,1,6/29/2026
28daysAgo,yesterday,user_engagement,/privacy-policy/,1,1,6/29/2026
28daysAgo,yesterday,user_engagement,/product/wr-ultimate-price-list/,1,1,6/29/2026
28daysAgo,yesterday,user_engagement,/representere-p-det-punktet-hva-som-helst-ulempe-med-7xm-casino-norge-join-the-action-casino-nine/,1,1,6/29/2026
28daysAgo,yesterday,user_engagement,/utforska-nyaste-digitalt-spel-roulette-slottio-casino-se/,1,1,6/29/2026
28daysAgo,yesterday,user_engagement,/why-woocommerce-inventory-sync-breaks-between-multiple-sales-channels/,1,1,6/29/2026
28daysAgo,yesterday,user_engagement,/wr-log,1,1,6/29/2026
28daysAgo,yesterday,user_engagement,/wr-price-list-pro/,1,1,6/29/2026
28daysAgo,yesterday,whatsapp_click,/contact/,1,1,6/29/2026