Start Date,End Date,Page,Page Group,Clicks,Impressions,CTR,Position,Pulled At
2026-06-01,2026-06-28,https://webreadynow.com/,Homepage,8,117,0.06837606838,12/31/1899,6/29/2026
2026-06-01,2026-06-28,https://webreadynow.com/about/,Utility / Trust Page,3,84,0.03571428571,1/6/1900,6/29/2026
2026-06-01,2026-06-28,https://www.webreadynow.com/casinova-deres-totale-guide-til-landets-svrt-spennende/,Spam URL,3,4,0.75,1/29/1900,6/29/2026
2026-06-01,2026-06-28,https://webreadynow.com/why-woocommerce-inventory-sync-problems-happen-between-systems/,Insight Article,2,153,0.01307189542,1/9/1900,6/29/2026
2026-06-01,2026-06-28,https://www.webreadynow.com/betigma-din-egen-kompletta-vagledning-till-spelupplevelsen/,Spam URL,2,3,0.6666666667,1/26/1900,6/29/2026
2026-06-01,2026-06-28,https://www.webreadynow.com/betigma-your-premier-destination-for-remarkable-online-gaming-experience/,Spam URL,2,4,0.5,1/31/1900,6/29/2026
2026-06-01,2026-06-28,https://www.webreadynow.com/chicken-road-2-zabava-koja-osvaja-svijet-mrenih-casina/,Unknown,2,3,0.6666666667,1/17/1900,6/29/2026
2026-06-01,2026-06-28,https://www.webreadynow.com/hvilke-betaling-metode-lever-brukbar-atomnummer-85-sg8-kasino-21-casino-norway-join-the-action/,Spam URL,2,4,0.5,2/5/1900,6/29/2026
2026-06-01,2026-06-28,https://www.webreadynow.com/kosta-hypebet-casino-licens-och-laga-bobby-casino-sverige-collect-bonus/,Spam URL,2,3,0.6666666667,1/25/1900,6/29/2026
2026-06-01,2026-06-28,https://www.webreadynow.com/morospin-casino-spitzenklasse-im-virtuellen-glucksspiel/,Spam URL,2,3,0.6666666667,1/24/1900,6/29/2026
2026-06-01,2026-06-28,https://www.webreadynow.com/pin-ap-kazino-v-kazahstane-oficialnyj-sajt-pin-up-2/,Unknown,2,4,0.5,2/2/1900,6/29/2026
2026-06-01,2026-06-28,https://www.webreadynow.com/utforska-nyaste-digitalt-spel-roulette-slottio-casino-se/,Spam URL,2,4,0.5,1/30/1900,6/29/2026
2026-06-01,2026-06-28,https://webreadynow.com/case-studies/,Case Study,1,70,0.01428571429,1/13/1900,6/29/2026
2026-06-01,2026-06-28,https://webreadynow.com/case-studies/woocommerce-payment-diagnostics/,Case Study,1,28,0.03571428571,1/14/1900,6/29/2026
2026-06-01,2026-06-28,https://webreadynow.com/services/,Service Page,1,45,0.02222222222,1/5/1900,6/29/2026
2026-06-01,2026-06-28,https://webreadynow.com/store-audit/,Landing Page,1,78,0.01282051282,1/17/1900,6/29/2026
2026-06-01,2026-06-28,https://webreadynow.com/why-woocommerce-checkout-breaks-after-plugin-updates/,Insight Article,1,126,0.007936507937,1/15/1900,6/29/2026
2026-06-01,2026-06-28,https://webreadynow.com/woocommerce-developer-miami/,Landing Page,1,193,0.00518134715,2/9/1900,6/29/2026
2026-06-01,2026-06-28,https://www.webreadynow.com/beef-casino-review-unlock-huge-bonuses-and-top-14/,Spam URL,1,2,0.5,1/19/1900,6/29/2026
2026-06-01,2026-06-28,https://www.webreadynow.com/casino-liberty-rep-blica-argentina-casino-celuapuestas/,Spam URL,1,1,1,1/24/1900,6/29/2026
2026-06-01,2026-06-28,https://www.webreadynow.com/custom-post-type-in-wordpress-cpt/,Unknown,1,2,0.5,1/25/1900,6/29/2026
2026-06-01,2026-06-28,https://www.webreadynow.com/docs/,Unknown,1,2,0.5,1/1/1900,6/29/2026
2026-06-01,2026-06-28,https://www.webreadynow.com/dragonia-casino-din-egen-omfattende-guide-til-spennende-spillopplevelser/,Spam URL,1,2,0.5,1/20/1900,6/29/2026
2026-06-01,2026-06-28,https://www.webreadynow.com/glorion-casino-nervenkitzel-und-spielspa-auf-hochstem-niveau/,Spam URL,1,1,1,1/23/1900,6/29/2026
2026-06-01,2026-06-28,https://www.webreadynow.com/hvilken-velkomst-bonus-ve-wowph-gamblingcasino-foresl-drip-casino-erfahrungen-no-start-spinning/,Spam URL,1,1,1,1/23/1900,6/29/2026
2026-06-01,2026-06-28,https://www.webreadynow.com/lucky-capone-herni-portal-exkluzivni-herni-platforma-s-podsvetnim-stylem/,Unknown,1,3,0.3333333333,2/3/1900,6/29/2026
2026-06-01,2026-06-28,https://www.webreadynow.com/lunubet-kotimaan-pelaajien-varma-kasinoyhteiso/,Unknown,1,2,0.5,1/22/1900,6/29/2026
2026-06-01,2026-06-28,https://www.webreadynow.com/manuale-esaustiva-ai-siti-di-gioco-non-aams-possibilita-e-vantaggi-per/,Unknown,1,1,1,1/22/1900,6/29/2026
2026-06-01,2026-06-28,https://www.webreadynow.com/nejvyi-mezinarodni-online-casino-komplexni-manual-pro-uivatele/,Spam URL,1,2,0.5,1/17/1900,6/29/2026
2026-06-01,2026-06-28,https://www.webreadynow.com/online-casino-komplexni-navod-prostedim-virtualniho/,Spam URL,1,2,0.5,1/27/1900,6/29/2026
2026-06-01,2026-06-28,https://www.webreadynow.com/portfolio/,Legacy URL,1,8,0.125,1/5/1900,6/29/2026
2026-06-01,2026-06-28,https://www.webreadynow.com/product/wr-ultimate-price-list/,Unknown,1,2,0.5,1/21/1900,6/29/2026
2026-06-01,2026-06-28,https://www.webreadynow.com/r-sg8-kasino-gummi-och-legalisera-casino-flaxcasino-se-play-for-real/,Spam URL,1,2,0.5,1/24/1900,6/29/2026
2026-06-01,2026-06-28,https://www.webreadynow.com/representere-p-det-punktet-hva-som-helst-ulempe-med-7xm-casino-norge-join-the-action-casino-nine/,Spam URL,1,3,0.3333333333,2/7/1900,6/29/2026
2026-06-01,2026-06-28,https://www.webreadynow.com/transaktioner-s-ker-med-neteller-m-nga-fler-s-dermanlands-l-n/,Unknown,1,3,0.3333333333,2/4/1900,6/29/2026
2026-06-01,2026-06-28,https://www.webreadynow.com/turbowins-dina-basta-casinoupplevelse-online/,Spam URL,1,2,0.5,1/21/1900,6/29/2026
2026-06-01,2026-06-28,https://www.webreadynow.com/winum-casino-sistema-de-gaming-exclusivo-mediante-tecnologia-de-ultima/,Spam URL,1,1,1,1/24/1900,6/29/2026
2026-06-01,2026-06-28,https://webreadynow.com/before-connecting-woocommerce-to-an-erp-or-inventory-system-decide-which-system-is-in-charge/,Insight Article,0,23,0,1/17/1900,6/29/2026
2026-06-01,2026-06-28,https://webreadynow.com/care-optimization-plans/,Landing Page,0,335,0,2/14/1900,6/29/2026
2026-06-01,2026-06-28,https://webreadynow.com/case-studies/case-studies-woocommerce-price-list-manager-plugin/,Case Study,0,3,0,1/22/1900,6/29/2026
2026-06-01,2026-06-28,https://webreadynow.com/case-studies/quest-technology/,Case Study,0,3,0,1/24/1900,6/29/2026
2026-06-01,2026-06-28,https://webreadynow.com/case-studies/samurai-fireworks/,Case Study,0,26,0,1/11/1900,6/29/2026
2026-06-01,2026-06-28,https://webreadynow.com/case-studies/woocommerce-price-list-manager-plugin/,Case Study,0,2,0,1/28/1900,6/29/2026
2026-06-01,2026-06-28,https://webreadynow.com/category/integrations/,Legacy URL,0,25,0,1/6/1900,6/29/2026
2026-06-01,2026-06-28,https://webreadynow.com/contact/,Utility / Trust Page,0,103,0,1/7/1900,6/29/2026
2026-06-01,2026-06-28,https://webreadynow.com/how-to-offer-wholesale-prices-in-woocommerce-without-a-separate-store/,Unknown,0,10,0,2/1/1900,6/29/2026
2026-06-01,2026-06-28,https://webreadynow.com/insights/,Insight Archive,0,58,0,1/7/1900,6/29/2026
2026-06-01,2026-06-28,https://webreadynow.com/price-lists-vs-discounts-in-woocommerce-which-one-does-your-store-actually-need/,Unknown,0,4,0,1/24/1900,6/29/2026
2026-06-01,2026-06-28,https://webreadynow.com/privacy-policy/,Utility / Trust Page,0,30,0,1/4/1900,6/29/2026
2026-06-01,2026-06-28,https://webreadynow.com/services,Service Archive,0,5,0,1/2/1900,6/29/2026
2026-06-01,2026-06-28,https://webreadynow.com/services/custom-plugins-features/,Service Page,0,46,0,1/21/1900,6/29/2026
2026-06-01,2026-06-28,https://webreadynow.com/services/ecommerce-automation/,Service Page,0,39,0,1/12/1900,6/29/2026
2026-06-01,2026-06-28,https://webreadynow.com/services/performance-checkout-rescue/,Service Page,0,22,0,1/14/1900,6/29/2026
2026-06-01,2026-06-28,https://webreadynow.com/services/woocommerce-integrations/,Service Page,0,199,0,2/16/1900,6/29/2026
2026-06-01,2026-06-28,https://webreadynow.com/services/woocommerce-store-development/,Service Page,0,49,0,2/6/1900,6/29/2026
2026-06-01,2026-06-28,https://webreadynow.com/terms-of-service/,Utility / Trust Page,0,35,0,1/9/1900,6/29/2026
2026-06-01,2026-06-28,https://webreadynow.com/when-woocommerce-store-needs-custom-plugin-instead-of-extension/,Insight Article,0,53,0,1/20/1900,6/29/2026
2026-06-01,2026-06-28,https://webreadynow.com/why-woocommerce-checkout-problems-are-hard-to-reproduce/,Insight Article,0,47,0,1/24/1900,6/29/2026
2026-06-01,2026-06-28,https://webreadynow.com/why-woocommerce-inventory-sync-breaks-between-multiple-sales-channels/,Insight Article,0,207,0,1/17/1900,6/29/2026
2026-06-01,2026-06-28,https://webreadynow.com/woocommerce-erp-integration-what-to-decide-before-connecting-your-store/,Insight Article,0,83,0,2/7/1900,6/29/2026
2026-06-01,2026-06-28,https://webreadynow.com/woocommerce-role-based-pricing-guide-b2b-stores/,Unknown,0,12,0,1/16/1900,6/29/2026
2026-06-01,2026-06-28,https://webreadynow.com/woocommerce-vip-member-pricing-program/,Unknown,0,5,0,1/8/1900,6/29/2026
2026-06-01,2026-06-28,https://www.webreadynow.com/angliabet-casino-exactly-where-united-kingdom-gaming/,Spam URL,0,1,0,12/31/1899,6/29/2026
2026-06-01,2026-06-28,https://www.webreadynow.com/blog/page/19/,Legacy URL,0,1,0,12/31/1899,6/29/2026
2026-06-01,2026-06-28,https://www.webreadynow.com/casea-casino-experien-de-joc-de-lux-de-divertisment-online-in-romania/,Spam URL,0,1,0,12/31/1899,6/29/2026
2026-06-01,2026-06-28,https://www.webreadynow.com/casino-stranieri-sicuri-panoramica-completa-per-utenti-dello-stivale/,Spam URL,0,1,0,1/1/1900,6/29/2026
2026-06-01,2026-06-28,https://www.webreadynow.com/contact/,Utility / Trust Page,0,5,0,1/5/1900,6/29/2026
2026-06-01,2026-06-28,https://www.webreadynow.com/critical-reasons-your-wordpress-website-needs-a-monthly-maintenance-plan/,Unknown,0,23,0,2/7/1900,6/29/2026
2026-06-01,2026-06-28,https://www.webreadynow.com/monaco-jack-casino-hochwertige-entertainment-und-premium-gaming/,Spam URL,0,1,0,1/1/1900,6/29/2026