Start Date,End Date,Query,Page,Clicks,Impressions,CTR,Position,Pulled At
2026-06-01,2026-06-28,woocommerce case studies,https://webreadynow.com/case-studies/,1,4,0.25,4.75,6/29/2026
2026-06-01,2026-06-28,"""vip pricing"" business term",https://webreadynow.com/woocommerce-vip-member-pricing-program/,0,1,0,6,6/29/2026
2026-06-01,2026-06-28,"""woocommerce""",https://webreadynow.com/care-optimization-plans/,0,1,0,79,6/29/2026
2026-06-01,2026-06-28,"""woocommerce""",https://webreadynow.com/how-to-offer-wholesale-prices-in-woocommerce-without-a-separate-store/,0,2,0,38.5,6/29/2026
2026-06-01,2026-06-28,"""woocommerce""",https://webreadynow.com/insights/,0,2,0,14,6/29/2026
2026-06-01,2026-06-28,b2b company credits and permissions for woocommerce,https://webreadynow.com/woocommerce-role-based-pricing-guide-b2b-stores/,0,1,0,47,6/29/2026
2026-06-01,2026-06-28,business central woocommerce integration,https://webreadynow.com/services/woocommerce-integrations/,0,1,0,86,6/29/2026
2026-06-01,2026-06-28,connect woocommerce to erp,https://webreadynow.com/woocommerce-erp-integration-what-to-decide-before-connecting-your-store/,0,1,0,47,6/29/2026
2026-06-01,2026-06-28,custom plug in,https://webreadynow.com/services/custom-plugins-features/,0,1,0,33,6/29/2026
2026-06-01,2026-06-28,custom plugin,https://webreadynow.com/services/custom-plugins-features/,0,4,0,44,6/29/2026
2026-06-01,2026-06-28,custom plugins,https://webreadynow.com/services/custom-plugins-features/,0,5,0,19.6,6/29/2026
2026-06-01,2026-06-28,custom woocommerce plugin,https://webreadynow.com/when-woocommerce-store-needs-custom-plugin-instead-of-extension/,0,11,0,14.90909091,6/29/2026
2026-06-01,2026-06-28,custom woocommerce solutions,https://webreadynow.com/services/custom-plugins-features/,0,3,0,63,6/29/2026
2026-06-01,2026-06-28,custom woocommerce store development,https://webreadynow.com/services/woocommerce-store-development/,0,2,0,62,6/29/2026
2026-06-01,2026-06-28,ecommerce development company in miami,https://webreadynow.com/woocommerce-developer-miami/,0,3,0,84,6/29/2026
2026-06-01,2026-06-28,ecommerce development miami,https://webreadynow.com/woocommerce-developer-miami/,0,20,0,73.9,6/29/2026
2026-06-01,2026-06-28,ecommerce inventory sync issues,https://webreadynow.com/why-woocommerce-inventory-sync-breaks-between-multiple-sales-channels/,0,2,0,73,6/29/2026
2026-06-01,2026-06-28,ecommerce inventory sync issues,https://webreadynow.com/why-woocommerce-inventory-sync-problems-happen-between-systems/,0,3,0,31,6/29/2026
2026-06-01,2026-06-28,erp integration with woocommerce,https://webreadynow.com/services/woocommerce-integrations/,0,1,0,61,6/29/2026
2026-06-01,2026-06-28,erp integration with woocommerce,https://webreadynow.com/woocommerce-erp-integration-what-to-decide-before-connecting-your-store/,0,10,0,44.2,6/29/2026
2026-06-01,2026-06-28,erp to woocommerce integration,https://webreadynow.com/woocommerce-erp-integration-what-to-decide-before-connecting-your-store/,0,8,0,59,6/29/2026
2026-06-01,2026-06-28,erp woocommerce integration,https://webreadynow.com/woocommerce-erp-integration-what-to-decide-before-connecting-your-store/,0,8,0,51.625,6/29/2026
2026-06-01,2026-06-28,failed promise of self checkout,https://webreadynow.com/why-woocommerce-checkout-problems-are-hard-to-reproduce/,0,1,0,93,6/29/2026
2026-06-01,2026-06-28,how do i connect woocommerce to an erp,https://webreadynow.com/woocommerce-erp-integration-what-to-decide-before-connecting-your-store/,0,1,0,46,6/29/2026
2026-06-01,2026-06-28,how to sync inventory across sales channels?,https://webreadynow.com/why-woocommerce-inventory-sync-breaks-between-multiple-sales-channels/,0,1,0,50,6/29/2026
2026-06-01,2026-06-28,how to sync inventory in woocommerce,https://webreadynow.com/services/woocommerce-integrations/,0,1,0,95,6/29/2026
2026-06-01,2026-06-28,how to sync inventory in woocommerce,https://webreadynow.com/why-woocommerce-inventory-sync-breaks-between-multiple-sales-channels/,0,2,0,41,6/29/2026
2026-06-01,2026-06-28,how to test woocommerce checkout,https://webreadynow.com/why-woocommerce-checkout-problems-are-hard-to-reproduce/,0,1,0,38,6/29/2026
2026-06-01,2026-06-28,internal server error woocommerce checkout,https://webreadynow.com/why-woocommerce-checkout-problems-are-hard-to-reproduce/,0,1,0,48,6/29/2026
2026-06-01,2026-06-28,inventory not syncing,https://webreadynow.com/why-woocommerce-inventory-sync-problems-happen-between-systems/,0,1,0,24,6/29/2026
2026-06-01,2026-06-28,inventory syncing issues,https://webreadynow.com/why-woocommerce-inventory-sync-breaks-between-multiple-sales-channels/,0,2,0,58.5,6/29/2026
2026-06-01,2026-06-28,inventory syncing issues,https://webreadynow.com/why-woocommerce-inventory-sync-problems-happen-between-systems/,0,1,0,20,6/29/2026
2026-06-01,2026-06-28,monthly wordpress maintenance,https://www.webreadynow.com/critical-reasons-your-wordpress-website-needs-a-monthly-maintenance-plan/,0,3,0,48.33333333,6/29/2026
2026-06-01,2026-06-28,my wordpress site needs maintenance,https://www.webreadynow.com/critical-reasons-your-wordpress-website-needs-a-monthly-maintenance-plan/,0,2,0,31,6/29/2026
2026-06-01,2026-06-28,not on the high street woocommerce integration,https://webreadynow.com/when-woocommerce-store-needs-custom-plugin-instead-of-extension/,0,11,0,49.09090909,6/29/2026
2026-06-01,2026-06-28,not on the high street woocommerce integration,https://webreadynow.com/woocommerce-erp-integration-what-to-decide-before-connecting-your-store/,0,1,0,79,6/29/2026
2026-06-01,2026-06-28,order sync problems,https://webreadynow.com/why-woocommerce-inventory-sync-breaks-between-multiple-sales-channels/,0,3,0,66.33333333,6/29/2026
2026-06-01,2026-06-28,order sync problems,https://webreadynow.com/why-woocommerce-inventory-sync-problems-happen-between-systems/,0,7,0,14.14285714,6/29/2026
2026-06-01,2026-06-28,potential checkout problems and solutions,https://webreadynow.com/why-woocommerce-checkout-problems-are-hard-to-reproduce/,0,1,0,97,6/29/2026
2026-06-01,2026-06-28,reverb woocommerce integration,https://webreadynow.com/services/woocommerce-integrations/,0,2,0,56.5,6/29/2026
2026-06-01,2026-06-28,shopify developer miami,https://webreadynow.com/woocommerce-developer-miami/,0,7,0,81.14285714,6/29/2026
2026-06-01,2026-06-28,simpleproductfeeds.com,https://webreadynow.com/when-woocommerce-store-needs-custom-plugin-instead-of-extension/,0,4,0,19,6/29/2026
2026-06-01,2026-06-28,start a product business miami,https://webreadynow.com/woocommerce-developer-miami/,0,2,0,48.5,6/29/2026
2026-06-01,2026-06-28,supplier inventory sync woocommerce,https://webreadynow.com/services/woocommerce-integrations/,0,1,0,62,6/29/2026
2026-06-01,2026-06-28,supplier inventory sync woocommerce,https://webreadynow.com/why-woocommerce-inventory-sync-breaks-between-multiple-sales-channels/,0,7,0,11.57142857,6/29/2026
2026-06-01,2026-06-28,sync products to woocommerce from external api,https://webreadynow.com/services/woocommerce-integrations/,0,9,0,70.11111111,6/29/2026
2026-06-01,2026-06-28,top e-commerce developers miami fl,https://webreadynow.com/woocommerce-developer-miami/,0,2,0,74,6/29/2026
2026-06-01,2026-06-28,variation shared inventory for woocommerce,https://webreadynow.com/why-woocommerce-inventory-sync-breaks-between-multiple-sales-channels/,0,4,0,24.75,6/29/2026
2026-06-01,2026-06-28,we're struggling with plugin updates breaking our checkout flow constantly,https://webreadynow.com/why-woocommerce-checkout-breaks-after-plugin-updates/,0,4,0,9.75,6/29/2026
2026-06-01,2026-06-28,web ready,https://webreadynow.com/,0,1,0,15,6/29/2026
2026-06-01,2026-06-28,wholesale pricing for woocommerce,https://webreadynow.com/how-to-offer-wholesale-prices-in-woocommerce-without-a-separate-store/,0,2,0,23,6/29/2026
2026-06-01,2026-06-28,wms integration with woocommerce,https://webreadynow.com/services/woocommerce-integrations/,0,3,0,89.33333333,6/29/2026
2026-06-01,2026-06-28,woocmmerce integration,https://webreadynow.com/services/woocommerce-integrations/,0,1,0,48,6/29/2026
2026-06-01,2026-06-28,woocommerce audit,https://webreadynow.com/store-audit/,0,5,0,39.8,6/29/2026
2026-06-01,2026-06-28,woocommerce broken checkout checker,https://webreadynow.com/why-woocommerce-checkout-problems-are-hard-to-reproduce/,0,2,0,30.5,6/29/2026
2026-06-01,2026-06-28,woocommerce business central integration,https://webreadynow.com/services/woocommerce-integrations/,0,2,0,78,6/29/2026
2026-06-01,2026-06-28,woocommerce care,https://webreadynow.com/care-optimization-plans/,0,5,0,22.8,6/29/2026
2026-06-01,2026-06-28,woocommerce care plans,https://webreadynow.com/care-optimization-plans/,0,126,0,47.97619048,6/29/2026
2026-06-01,2026-06-28,woocommerce cart failure monitoring,https://webreadynow.com/why-woocommerce-checkout-problems-are-hard-to-reproduce/,0,2,0,41.5,6/29/2026
2026-06-01,2026-06-28,woocommerce case study,https://webreadynow.com/case-studies/,0,28,0,24.17857143,6/29/2026
2026-06-01,2026-06-28,woocommerce checkout error,https://webreadynow.com/why-woocommerce-checkout-problems-are-hard-to-reproduce/,0,1,0,38,6/29/2026
2026-06-01,2026-06-28,woocommerce checkout error checker,https://webreadynow.com/why-woocommerce-checkout-problems-are-hard-to-reproduce/,0,1,0,33,6/29/2026
2026-06-01,2026-06-28,woocommerce checkout failure monitoring,https://webreadynow.com/why-woocommerce-checkout-problems-are-hard-to-reproduce/,0,1,0,64,6/29/2026
2026-06-01,2026-06-28,woocommerce custom plugin,https://webreadynow.com/when-woocommerce-store-needs-custom-plugin-instead-of-extension/,0,1,0,16,6/29/2026
2026-06-01,2026-06-28,woocommerce developer near me,https://webreadynow.com/woocommerce-developer-miami/,0,1,0,61,6/29/2026
2026-06-01,2026-06-28,woocommerce developer tampa,https://webreadynow.com/woocommerce-developer-miami/,0,4,0,58.5,6/29/2026
2026-06-01,2026-06-28,woocommerce developer toledo,https://webreadynow.com/woocommerce-developer-miami/,0,3,0,33.66666667,6/29/2026
2026-06-01,2026-06-28,woocommerce development company miami,https://webreadynow.com/about/,0,3,0,75.33333333,6/29/2026
2026-06-01,2026-06-28,woocommerce development company miami,https://webreadynow.com/contact/,0,10,0,52.1,6/29/2026
2026-06-01,2026-06-28,woocommerce development company miami,https://webreadynow.com/services/woocommerce-store-development/,0,1,0,78,6/29/2026
2026-06-01,2026-06-28,woocommerce development company miami,https://webreadynow.com/woocommerce-developer-miami/,0,4,0,10.75,6/29/2026
2026-06-01,2026-06-28,woocommerce development raleigh,https://webreadynow.com/woocommerce-developer-miami/,0,5,0,58.6,6/29/2026
2026-06-01,2026-06-28,woocommerce dry run inventory sync,https://webreadynow.com/why-woocommerce-inventory-sync-problems-happen-between-systems/,0,1,0,18,6/29/2026
2026-06-01,2026-06-28,woocommerce erp integration,https://webreadynow.com/woocommerce-erp-integration-what-to-decide-before-connecting-your-store/,0,18,0,38.77777778,6/29/2026
2026-06-01,2026-06-28,woocommerce expert audit,https://webreadynow.com/store-audit/,0,5,0,25.8,6/29/2026
2026-06-01,2026-06-28,woocommerce ignored matches stock sync,https://webreadynow.com/why-woocommerce-inventory-sync-breaks-between-multiple-sales-channels/,0,2,0,59.5,6/29/2026
2026-06-01,2026-06-28,woocommerce ignored matches stock sync,https://webreadynow.com/why-woocommerce-inventory-sync-problems-happen-between-systems/,0,4,0,18,6/29/2026
2026-06-01,2026-06-28,woocommerce integration,https://webreadynow.com/services/woocommerce-integrations/,0,49,0,58.3877551,6/29/2026
2026-06-01,2026-06-28,woocommerce integration company,https://webreadynow.com/services/woocommerce-integrations/,0,1,0,74,6/29/2026
2026-06-01,2026-06-28,woocommerce integration company service,https://webreadynow.com/services/woocommerce-integrations/,0,1,0,72,6/29/2026
2026-06-01,2026-06-28,woocommerce integration erp,https://webreadynow.com/woocommerce-erp-integration-what-to-decide-before-connecting-your-store/,0,9,0,55.44444444,6/29/2026
2026-06-01,2026-06-28,woocommerce integration services,https://webreadynow.com/services/woocommerce-integrations/,0,2,0,69,6/29/2026
2026-06-01,2026-06-28,woocommerce integration solution,https://webreadynow.com/services/woocommerce-integrations/,0,2,0,80.5,6/29/2026
2026-06-01,2026-06-28,woocommerce integration solution service,https://webreadynow.com/services/woocommerce-integrations/,0,2,0,84,6/29/2026
2026-06-01,2026-06-28,woocommerce integration with erp,https://webreadynow.com/woocommerce-erp-integration-what-to-decide-before-connecting-your-store/,0,5,0,55,6/29/2026
2026-06-01,2026-06-28,woocommerce integrationer,https://webreadynow.com/services/woocommerce-integrations/,0,1,0,80,6/29/2026
2026-06-01,2026-06-28,woocommerce integrations,https://webreadynow.com/services/woocommerce-integrations/,0,52,0,49.59615385,6/29/2026
2026-06-01,2026-06-28,woocommerce internal server error on checkout,https://webreadynow.com/why-woocommerce-checkout-problems-are-hard-to-reproduce/,0,3,0,49.66666667,6/29/2026
2026-06-01,2026-06-28,woocommerce inventory and price sync,https://webreadynow.com/why-woocommerce-inventory-sync-breaks-between-multiple-sales-channels/,0,1,0,17,6/29/2026
2026-06-01,2026-06-28,woocommerce inventory not updating,https://webreadynow.com/why-woocommerce-inventory-sync-problems-happen-between-systems/,0,1,0,30,6/29/2026
2026-06-01,2026-06-28,woocommerce inventory review before sync,https://webreadynow.com/why-woocommerce-inventory-sync-problems-happen-between-systems/,0,2,0,5,6/29/2026
2026-06-01,2026-06-28,woocommerce inventory sync every minute,https://webreadynow.com/why-woocommerce-inventory-sync-breaks-between-multiple-sales-channels/,0,3,0,13,6/29/2026
2026-06-01,2026-06-28,woocommerce maintenance plan,https://webreadynow.com/care-optimization-plans/,0,109,0,60.76146789,6/29/2026
2026-06-01,2026-06-28,woocommerce maintenance plans,https://webreadynow.com/care-optimization-plans/,0,27,0,66.07407407,6/29/2026
2026-06-01,2026-06-28,woocommerce maintenance service cost,https://webreadynow.com/care-optimization-plans/,0,3,0,70,6/29/2026
2026-06-01,2026-06-28,woocommerce manual inventory sync,https://webreadynow.com/why-woocommerce-inventory-sync-problems-happen-between-systems/,0,4,0,13.25,6/29/2026
2026-06-01,2026-06-28,woocommerce manual review inventory sync,https://webreadynow.com/insights/,0,3,0,15.33333333,6/29/2026
2026-06-01,2026-06-28,woocommerce manual review inventory sync,https://webreadynow.com/why-woocommerce-inventory-sync-problems-happen-between-systems/,0,1,0,3,6/29/2026
2026-06-01,2026-06-28,woocommerce monitoring,https://webreadynow.com/insights/,0,2,0,50.5,6/29/2026
2026-06-01,2026-06-28,woocommerce multisite inventory sync,https://webreadynow.com/why-woocommerce-inventory-sync-breaks-between-multiple-sales-channels/,0,3,0,52.33333333,6/29/2026
2026-06-01,2026-06-28,woocommerce new integrations,https://webreadynow.com/services/woocommerce-integrations/,0,2,0,9,6/29/2026
2026-06-01,2026-06-28,woocommerce order sync,https://webreadynow.com/services/woocommerce-integrations/,0,4,0,46.25,6/29/2026
2026-06-01,2026-06-28,woocommerce pricing & discounts,https://webreadynow.com/price-lists-vs-discounts-in-woocommerce-which-one-does-your-store-actually-need/,0,1,0,24,6/29/2026
2026-06-01,2026-06-28,woocommerce product sync,https://webreadynow.com/services/woocommerce-integrations/,0,1,0,51,6/29/2026
2026-06-01,2026-06-28,woocommerce revenue audit,https://webreadynow.com/store-audit/,0,9,0,35.77777778,6/29/2026
2026-06-01,2026-06-28,woocommerce scheduled inventory sync,https://webreadynow.com/why-woocommerce-inventory-sync-breaks-between-multiple-sales-channels/,0,3,0,8,6/29/2026
2026-06-01,2026-06-28,woocommerce stock sync every minute,https://webreadynow.com/why-woocommerce-inventory-sync-breaks-between-multiple-sales-channels/,0,4,0,16,6/29/2026
2026-06-01,2026-06-28,woocommerce stock sync with manual review,https://webreadynow.com/insights/,0,1,0,19,6/29/2026
2026-06-01,2026-06-28,woocommerce stock sync with manual review,https://webreadynow.com/why-woocommerce-inventory-sync-problems-happen-between-systems/,0,1,0,7,6/29/2026
2026-06-01,2026-06-28,woocommerce store audit,https://webreadynow.com/case-studies/woocommerce-payment-diagnostics/,0,1,0,62,6/29/2026
2026-06-01,2026-06-28,woocommerce store audit,https://webreadynow.com/store-audit/,0,21,0,21.23809524,6/29/2026
2026-06-01,2026-06-28,woocommerce store development,https://webreadynow.com/services/woocommerce-store-development/,0,14,0,63.57142857,6/29/2026
2026-06-01,2026-06-28,woocommerce store development services,https://webreadynow.com/services/woocommerce-store-development/,0,4,0,88.5,6/29/2026
2026-06-01,2026-06-28,woocommerce storefront development,https://webreadynow.com/services/woocommerce-store-development/,0,2,0,36.5,6/29/2026
2026-06-01,2026-06-28,woocommerce supplier sku sync,https://webreadynow.com/why-woocommerce-inventory-sync-breaks-between-multiple-sales-channels/,0,1,0,13,6/29/2026
2026-06-01,2026-06-28,woocommerce support plan,https://webreadynow.com/care-optimization-plans/,0,1,0,30,6/29/2026
2026-06-01,2026-06-28,woocommerce sync,https://webreadynow.com/services/woocommerce-integrations/,0,1,0,49,6/29/2026
2026-06-01,2026-06-28,woocommerce sync products,https://webreadynow.com/services/woocommerce-integrations/,0,1,0,54,6/29/2026
2026-06-01,2026-06-28,woocommerce syspro integration,https://webreadynow.com/services/woocommerce-integrations/,0,3,0,64,6/29/2026
2026-06-01,2026-06-28,woocommerce vendor inventory sync,https://webreadynow.com/why-woocommerce-inventory-sync-breaks-between-multiple-sales-channels/,0,3,0,17,6/29/2026
2026-06-01,2026-06-28,woocommerce wholesale prices,https://webreadynow.com/how-to-offer-wholesale-prices-in-woocommerce-without-a-separate-store/,0,1,0,17,6/29/2026
2026-06-01,2026-06-28,woocommerce wholesale pricing,https://webreadynow.com/how-to-offer-wholesale-prices-in-woocommerce-without-a-separate-store/,0,2,0,31,6/29/2026
2026-06-01,2026-06-28,woocommerce wms integration,https://webreadynow.com/services/woocommerce-integrations/,0,5,0,83.8,6/29/2026
2026-06-01,2026-06-28,wordpress developer miami,https://webreadynow.com/woocommerce-developer-miami/,0,3,0,68.66666667,6/29/2026
2026-06-01,2026-06-28,wordpress developer miami fl,https://webreadynow.com/woocommerce-developer-miami/,0,18,0,62.88888889,6/29/2026
2026-06-01,2026-06-28,wordpress development miami,https://webreadynow.com/woocommerce-developer-miami/,0,28,0,80.42857143,6/29/2026
2026-06-01,2026-06-28,wordpress monthly maintenance,https://www.webreadynow.com/critical-reasons-your-wordpress-website-needs-a-monthly-maintenance-plan/,0,3,0,38.33333333,6/29/2026
2026-06-01,2026-06-28,wordpress monthly seo maintenance,https://www.webreadynow.com/critical-reasons-your-wordpress-website-needs-a-monthly-maintenance-plan/,0,14,0,40.71428571,6/29/2026
2026-06-01,2026-06-28,• order sync & label automation,https://webreadynow.com/services/ecommerce-automation/,0,2,0,82,6/29/2026